Filename,Extracted_text
image1.jpeg,cases of complexity
image2.jpeg,count of each instruction  of an algorithm will never exceed .
image3.jpeg,* Computational time of an algorithms will never exceed .
image4.jpeg,worst case time : #
image5.jpeg,*Computational time for an algorithm will be never be
image6.jpeg,less than best case time .
image7.jpeg,Avrage case : It is neither best noe worst It takes .
image8.jpeg,because a ribbon timber frequency found of each
image9.jpeg,avrage execution time for frequency count of each
image10.jpeg,"The f(n) -> It gives the running time of the algorithms ,
image11.jpeg,depends not only the size n of the input data buttonson
image12.jpeg,The particular data .
image13.jpeg,The complexity function f ( n ) for certain case r
image14.jpeg,Best Case : The minimum or least possible time required
image15.jpeg,for frequency out of each evolution of an algorithm .
image16.jpeg,for imnlementation .
image17.jpeg,Worst Case: The maximum time required for frequency
image18.jpeg,Exact time is not important . we care about the
image19.jpeg,There are five asymptotic notation .
image20.jpeg,Big-OH(O)-> It is generally used to represent the
image21.jpeg,Big-OMEGA(Ω)-
image22.jpeg,growth of an algorithm
image23.jpeg,Big-O-notation
image24.jpeg,Big_o = highest power of n.
image25.jpeg,Condition and define maximum upper bond .
image26.jpeg,growth rate the not exact value .
image27.jpeg,Asymoptic notation ingooes constants and lower-order .
image28.jpeg,teoms and features as the dominant tom .
image29.jpeg,Dominant -> It is part of complexity function that
image30.jpeg,grows the fastest as input size n becomes theory large
image31.jpeg,# It is way to describe the characterists of a function in the
image32.jpeg,# ->It is describe the rate of growth of function .
image33.jpeg,- It is a way to compare size of functions .
image34.jpeg,when the value of f(n) is fixed or conslet llen .
image35.jpeg,__ space complexity :
image36.jpeg,When Optimizing algorithm when a programer
image37.jpeg,a make a trade of between time and space
image38.jpeg,Optimisation .
image39.jpeg,the programmer can reduce its time complexity .
image40.jpeg,It may be more efficient or require more memory .
image41.jpeg,space otimization
image42.jpeg,programmer can -optimize an algorithm .
image43.jpeg,to reduce it's Space Complexity .
image44.jpeg,This can be done by using comput .
image45.jpeg,"its , time , complexity is represented as a ring . '"
image46.jpeg,"data structure almimizing - asusually"
image47.jpeg,however it may inerer the cost and time due
image48.jpeg,to additional conplalor or stack data acert .
image49.jpeg,There are the fundamental concepts of algorithm .
image50.jpeg,analysis and design :
image51.jpeg,They reffer to the idea that the programme
image52.jpeg,can often optimues an algorithm to
image53.jpeg,improve it performance through time complexity
image54.jpeg,It is a classical optimization problem .
image55.jpeg,Let n be the no. of objects each objects is they,
image56.jpeg,a weight weight and contribution to pojet .
image57.jpeg,Let m be the Knapsack Capacity .
image58.jpeg,The objective is to feel the knapsack in such
image59.jpeg,a away that the profit should be minimized
image60.jpeg,It is also allowed . That a fraction of
image61.jpeg,item to be added to the knapsack . I
image62.jpeg,At each step we include the object which
image63.jpeg,Matimacally it is written as maximum .
image64.jpeg,It is the problem of finding the most ualvejable combination
image65.jpeg,of  items to include in a knapsack ( container )
image66.jpeg,with a limited Weight capacity ."
image67.jpeg,"Gimin a setditcn, each with a weight and profit"
image68.jpeg,profit value determines the combination of items """
image69.jpeg,to include in the Knapsack so capacity as the
image70.jpeg,knapack and the total value of the Knapsacale
image71.jpeg,and the scale of the item should be maximized .
image72.jpeg,Introduction to python
image73.jpeg,Simple and easy to learn
image74.jpeg,Platform Indepedent
image75.jpeg,Free and open source .
image76.jpeg,Rich Library support
image77.jpeg,Portable
image78.jpeg,Embbedable and Extensible
image79.jpeg,use of python
image80.jpeg,Web framework and application .
image81.jpeg,gui based desktop application
image82.jpeg,graphicalal design :
image83.jpeg,Image Processing application
image84.jpeg,Ai/ Neural Network
image85.jpeg,I IOT and Dark Science
image86.jpeg,I Name Applications .
image87.jpeg,( It was appointed to examining language which was developed .
image88.jpeg,by which's than base of
image89.jpeg,of was reviewed in the year 1991 at CWIClenatum .
image90.jpeg,wiskunde & Information of Netherlands (
image91.jpeg,"It is a general purpose , high level programming language"
image92.jpeg,"It is also called dynamic programming language . """
image93.jpeg,teamtime #
image94.jpeg,Official date of birth in both February 1829 )
image95.jpeg,It is a procedure oriented ( D system in OOD .
image96.jpeg,programming language (
image97.jpeg,# Hopes not contain ( by those containers .
image98.jpeg,"the features of class , object to"
image99.jpeg,In ( Auto type - ) In psychonck is not
image100.jpeg,declaration in compulsory compulsory .
image101.jpeg,# a third party history
image102.jpeg,# I used for creditforward
image103.jpeg,to # # # # # # # # # # #
image104.jpeg,"Currently , we died the version of my plan is"
image105.jpeg,Compassion the land uniform
image106.jpeg,a b c. before oriented programmes
image107.jpeg,"USPICT , when in DOPTON"
image108.jpeg,"( grows leaf laser , Python is high-level"
image109.jpeg,Ginsarist debut type order by themselves not
image110.jpeg,Developed by Dennis Ruchof Dencloped by Russian
image111.jpeg,""" Bell task in 1972 . I owns in 1999 ."
image112.jpeg,The data type which cannot be changed after
image113.jpeg,"I These makes are defined as pylton but , pathom front"
image114.jpeg,and Python complex classes in psychosprapamping
image115.jpeg,faterer ! - It is represented my 1st class p.f copley .
image116.jpeg,position or negative-whole numbers without frostability .
image117.jpeg,Veradeespue . In a question there is not to
image118.jpeg,Example # a-ltd )
image119.jpeg,Example # brief
image120.jpeg,American States
image121.jpeg,Whines may be deleted
image122.jpeg,# It won't readable
image123.jpeg,Nowables can hold values of different chatalty peer #
image124.jpeg,Numerous State type
image125.jpeg,# Son python it represents the data funny a numerous
image126.jpeg,"A numeric value can be an integer , affecting number"
image127.jpeg,Lorenen are even a complete gunbery :
image128.jpeg,complex #
image129.jpeg,In Python there is no character data types .
image130.jpeg,not are put like screws declined into them .
image131.jpeg,Languages which in an ordered collection .
image132.jpeg,need the of the same type .
image133.jpeg,A complex number is represented by a complex .
image134.jpeg,It is specified as a combinationousful .
image135.jpeg,part and Imaginary first U.
image136.jpeg,different fashion date trips
image137.jpeg,It allows strong of multiple scales on
image138.jpeg,can concerned and effort fashion .
image139.jpeg,is A String is a collection of one or more charley .
image140.jpeg,"but in a single quote , double gust of"
image141.jpeg,the Requires inside the sequence bracket
image142.jpeg,"# is the position , Judge with one of two ."
image143.jpeg,"fruit in history . One or false ,"
image144.jpeg,Bachelor objects that are colour to face are
image145.jpeg,Trubby and those equal to false far fairly
image146.jpeg,"s it is "" donated by the church photoof : ' I"
image147.jpeg,basoleans . Otherwise python will throw on
image148.jpeg,"Set that Type # """
image149.jpeg,s in authorised in a unordered collection .
image150.jpeg,"atatatatives which is possible , mutable and"
image151.jpeg,The multiple elements'
image152.jpeg,"Example traffic (2,3 )"
image153.jpeg,It is input like a list :
image154.jpeg,SA I'm quick via ISO an ordered collection of
image155.jpeg,When Orwell's
image156.jpeg,"It is represented by a triple . Clay , ..."
image157.jpeg,The creation of a Python style without the use of
image158.jpeg,puriathesis of known as the passing
image159.jpeg,"workers ,"
image160.jpeg,I sat can be created by using built in get .
image161.jpeg,It is used for creating number after
image162.jpeg,Lonchonwy .
image163.jpeg,to make it more organized .
image164.jpeg,gispurfed by command )
image165.jpeg,It created by the built in Austin .
image166.jpeg,"district just , placing in # early time ,"
image167.jpeg,the Python 1 votes prefer an cause
image168.jpeg,""" Here the most vicos ! then I'm some code"
image169.jpeg,and erupted by the Python interncrafts .
image170.jpeg,The set of low level instruction as Operantes and Arcade
image171.jpeg,A. Direct Made # since Wokinghampton
image172.jpeg,# . Andirect Node V.
image173.jpeg,# 6-Implied . Made it misses a so using them
image174.jpeg,# THE State implental model samples within him .
image175.jpeg,# Auto decremental made an illusion .
image176.jpeg,# Indexed Addressing modelwater and
image177.jpeg,An addressing mode as no relation to the Apache . It
image178.jpeg,""" basically ( focuses on presenting the address of the"
image179.jpeg,types of addressing : # without two minutes
image180.jpeg,There are basically 5 types of addressing made .
image181.jpeg,mediate Made V.
image182.jpeg,L. Register Made v. 7 via it ?1811-
image183.jpeg,3 . Resistance indirect mode
image184.jpeg,Type #
image185.jpeg,It is used to assign when to a words .
image186.jpeg,"Land-front Stukrit ,"
image187.jpeg,Looping Statement #
image188.jpeg,# If it is used to repent something only and
image189.jpeg,over until a particular condition transferred
image190.jpeg,CENSION
image191.jpeg,Simple Stukement . '
image192.jpeg,I'll show the single statement
image193.jpeg,Longport Statement
image194.jpeg,"If shows , multiple statements in a block like"
image195.jpeg,function loop etc.
image196.jpeg,Print Stukrin'er
image197.jpeg,wight in Med to point alone
image198.jpeg,Assignment Stahnett #
image199.jpeg,Comparation about the expression and statement
image200.jpeg,How to find the hundreds :
image201.jpeg,I Stepli import . Keywood by
image202.jpeg,"A slender point , Cheigsord pantlest ) ,"
image203.jpeg,I Step's : that then Hayward the list ) I am
image204.jpeg,"Illyword from global , and"
image205.jpeg,I yield tumba )
image206.jpeg,I bywood in psychoactivity
image207.jpeg,I keyword are input like required word-them .
image208.jpeg,I some special memory and functionality . In
image209.jpeg,I U. It is a gayered word whose newly
image210.jpeg,I already stood in further interpretation .
image211.jpeg,I'm We cannot be a keyboard as a variable
image212.jpeg,large function with indenterism .
image213.jpeg,I U.36 the church are used in 3.9-Southern
image214.jpeg,pathon Opersars :
image215.jpeg,# Chester .
image216.jpeg,Indentity . Dipressor
image217.jpeg,W. - when true if both variable are the same
image218.jpeg,I give below free of a spring with the ejected
image219.jpeg,I've in fresh in the object
image220.jpeg,19th in the symbol which is used to perform
image221.jpeg,especially on voyafter and when
image222.jpeg,is first from the Operation
image223.jpeg,Rousing in most Operator .
image224.jpeg,is Compassion operator :
image225.jpeg,in technical opinion #
image226.jpeg,If Industry Opinion ) - Special Operates
image227.jpeg,1 Munkery of the
image228.jpeg,It is the inclusion of short description along with the
image229.jpeg,"comm ( Multiple community ) """
image230.jpeg,code to increase its readability schema developed on coden .
image231.jpeg,"write a program , then he are she use the comments"
image232.jpeg,to write his ( her brought process inside
image233.jpeg,The Same code
image234.jpeg,It is the simply transfer of the programmer church .
image235.jpeg,promides quality of the cable ; and which are
image236.jpeg,programmer work code in two ways
image237.jpeg,"u"" I'm at the beagging and the end of the portion ."
image238.jpeg,exactly show many time are want to
image239.jpeg,# The loop to break the loop explained
image240.jpeg,own some condition ( continue statement any
image241.jpeg,# Continue as This statements are used to
image242.jpeg,# Skip the current Senator is continue to not
image243.jpeg,great shop
image244.jpeg,While's 9t is used to repeatedly create a hook of code .
image245.jpeg,long as long ascertain condition are truly
image246.jpeg,# Our loop scheme don't know how may
image247.jpeg,Time we need to execute the loop #
image248.jpeg,Pounster Statement
image249.jpeg,is of alters the way the logic gate executed
image250.jpeg,"Back # The break statement we used inside ,"
image251.jpeg,With 4 characteristics of 1st.
image252.jpeg,"""I Want Messen ! """
image253.jpeg,( Joint message (000 # I.
image254.jpeg,""" What must resume too in : YT."
image255.jpeg,"(91. BUNY ,"
image256.jpeg,List # and cloning
image257.jpeg,Copy of list can be done in 2 copys that is a living
image258.jpeg,"XF 10,20,40,40 )"
image259.jpeg,by # I have shifts in not copued rather at her
image260.jpeg,another rare within a house .
image261.jpeg,Transursing off list can be done show many ways are
image262.jpeg,the examples of each-
image263.jpeg,Wach a string message in string the flag format .
image264.jpeg,# Nobody is perfect in the world .
image265.jpeg,to the following operation .
image266.jpeg,"appoint message of C-15 , -4 :T."
image267.jpeg,""" Print Assault LIST"
image268.jpeg,Gay front pressure (
image269.jpeg,Environmental Science .
image270.jpeg,I owns Igrowth or influenza over development .
image271.jpeg,I According to Environmental Protection act 1986
image272.jpeg,""" The Environment defined as the Sum total"
image273.jpeg,Ilements factors and conditions in the
image274.jpeg,"Luxounding "" which may affect the development ."
image275.jpeg,"Lachion . "" We of an organism or group of"
image276.jpeg,"Lorganism , isn't we human-being # are include ."
image277.jpeg,Lupes of Environment :
image278.jpeg,Natural Environment
image279.jpeg,Astrificial Government
image280.jpeg,I It is the scientific and method logical .
image281.jpeg,L. Socioeconomic Environment
image282.jpeg,Lancrament had two components .
image283.jpeg,"LUX atomic CIL ,DICTIC.Combonent"
image284.jpeg,I Study of living organism and non-living .
image285.jpeg,Liniesact and affect each other
image286.jpeg,environment's
image287.jpeg,If The word Environment Games from an French
image288.jpeg,""" Word Called "" Envisol "" that means surrounding"
image289.jpeg,Government include living organisms and non
image290.jpeg,I living organism that Surrounds us and effect .
image291.jpeg,fabiotic component : An the non
image292.jpeg,Atmosphere . It is a thin or thick .
image293.jpeg,# lawyers of gases .
image294.jpeg,surrounding the Earth and ambiguity
image295.jpeg,Compossible .
image296.jpeg,1 It absorbs most of the Cosmic says
image297.jpeg,"including UV , IR , Radiation that causes"
image298.jpeg,from Y Sun while filtering out
image299.jpeg,hospital radiation below boom .
image300.jpeg,The total map of atmosphere is equal .
image301.jpeg,to 1 million of Earth's now
image302.jpeg,hand etc are abiotic component .
image303.jpeg,It is a protecting byers .
image304.jpeg,are tactic-embonent . I.O.
image305.jpeg,Environment has four segments .
image306.jpeg,# Atmosphere . U.
image307.jpeg,# Blackosphere #
image308.jpeg,1913 ( Stephen H.
image309.jpeg,( Children #
image310.jpeg,abiotic Component : An the man
image311.jpeg,# N.Hirschheim
image312.jpeg,6 (2 ) Hydrosphere #
image313.jpeg,1919 Christopher
image314.jpeg,( Cy ( Brisbane
image315.jpeg,Atmosphere : It is a thin or thick
image316.jpeg,In-lawers of gates
image317.jpeg,"Commonwealth . """
image318.jpeg,I It absorbs most of the Cosmic says .
image319.jpeg,"including UNIR , Radiation that Causes"
image320.jpeg,from Y Sun while filtering out
image321.jpeg,# living organism
image322.jpeg,I havenful radiation below 3room .
image323.jpeg,I The total may of atmosphere is equal .
image324.jpeg,1 to 1million of Earth's most
image325.jpeg,It is a protecting buyers
image326.jpeg,"for Components like Water ""air hand"
image327.jpeg,I land etc and abiotic component
image328.jpeg,( Biotic Component : - All the human
image329.jpeg,# belongs plants
image330.jpeg,animate microscanism . ( living organism )
image331.jpeg,Lare biotic component .
image332.jpeg,Environment has four segments .
image333.jpeg,Iroposphere :
image334.jpeg,"fmaintain heart "" Energy . "" It contains"
image335.jpeg,I life having elements . U. No. D. O.C02.
image336.jpeg,"Land "" Hold Dasticles"
image337.jpeg,Top of the toposphere layers is
image338.jpeg,Union as topopoles and its
image339.jpeg,"temp "" is laid . In this layer"
image340.jpeg,overplanes Commercial aviation
image341.jpeg,Lakesdale
image342.jpeg,Stratosphere
image343.jpeg,It ranges from ( 16 to 50 ( um .
image344.jpeg,"Altitude intends from the Earth ,"
image345.jpeg,increases from ( -60cc to de ) have
image346.jpeg,Outer limits
image347.jpeg,Space to Bremin' polar region Hayes .
image348.jpeg,""" of atmosphere when ' life and """
image349.jpeg,weather exists
image350.jpeg,I Temp decreases with the increase
image351.jpeg,( of attitude to minimum ( -500 to
image352.jpeg,I Long wave radiation that Comes from
image353.jpeg,I Earth absorbs by this layer to
image354.jpeg,The upper layer of striato scheme is known .
image355.jpeg,"( The lowest temp "" in entire atmosphere ."
image356.jpeg,is found at mesopher .
image357.jpeg,thermosphere :000 000 000
image358.jpeg,I It defended from ( 80 to 500 )wm altitude .
image359.jpeg,"Land temp "" increased above 80 km ."
image360.jpeg,With this layer the basis of chemical
image361.jpeg,"L Combosition on or physical "" properties in"
image362.jpeg,was great party #
image363.jpeg,It ( contains a ozone ( On that forms ozone
image364.jpeg,Hesasphem from
image365.jpeg,be to form altitude .
image366.jpeg,Temp # decreases slowly with altitude .
image367.jpeg,when ( to # # #
image368.jpeg,upper layer of mesorthus is known as
image369.jpeg,Home Service
image370.jpeg,"Amediate Addressing Made """
image371.jpeg,tremisters . V.N.V.
image372.jpeg,United States #
image373.jpeg,""" In this made the Operands are implecity specified in the"
image374.jpeg,Description of instruction .
image375.jpeg,Negi-The Compliment Accumulation refers to a
image376.jpeg,implift made because the instruction it implied to
image377.jpeg,the accumulator register .
image378.jpeg,Register . Indirect Mode :
image379.jpeg,registers in the CPU whose Cantain provides the Operants
image380.jpeg,Vaddress inside the memory
image381.jpeg,To this made the specifies the Openand in the instruction -
image382.jpeg,In otherwords any selected V regulator ( on include the
image383.jpeg,it self in simpler wind instruction it self
image384.jpeg,"Consist of an Operand which is used , '"
image385.jpeg,Register made in
image386.jpeg,""" In this mode the operant exist in this register that is"
image387.jpeg,inside the spy in this case of defeat of specific
image388.jpeg,register from a letter register field :
image389.jpeg,The K-bit-field is capable of determining ex-bits .
image390.jpeg,Inosphere present in this layer from
image391.jpeg,exosphere #
image392.jpeg,boown to upto space .
image393.jpeg,Ultimately temperature increases due to
image394.jpeg,reasant to run #
image395.jpeg,The highest temperature of atmosphere .
image396.jpeg,"that in "" poor's is found here due"
image397.jpeg,to X-Ray and UN-Ray-
image398.jpeg,Mudarshend
image399.jpeg,It Contain B of Earth Surface for
image400.jpeg,it looks like ' blue colour from
image401.jpeg,Live to 400 or both (
image402.jpeg,Space and it called blue planet .
image403.jpeg,It is one most of the molecular by socio
image404.jpeg,leave that Come from Sun-
image405.jpeg,IX-Ray and UV-light absorbs most of
image406.jpeg,"the "" heat coming from Sun that """
image407.jpeg,increases the temperature
image408.jpeg,Satellites and Space shuttle an operatrix
image409.jpeg,this layer :
image410.jpeg,constructure of Hydraseophen
image411.jpeg,I mostly into three parts on the basis .
image412.jpeg,National Combosition of elements .
image413.jpeg,I It is the top layer of barths .
image414.jpeg,I The Oceanic Coast is thinner and
image415.jpeg,I CanO to the land-burst :
image416.jpeg,the depth of Count is down
image417.jpeg,""" It . Contains "" Silicon and Aluminum ."
image418.jpeg,I It is also known as Sir-Al layer .
image419.jpeg,to Earth layer is mantle and
image420.jpeg,"Its depth is unto 2,400 km. and the main"
image421.jpeg,L194- Mean Water
image422.jpeg,I Composition of this layers any
image423.jpeg,Lfresh water - BY
image424.jpeg,Lithosphere with
image425.jpeg,I The team- lithosphere ( comes from a green
image426.jpeg,Ward (ithos which means land or
image427.jpeg,the lithosphere certain mostly-socus .
image428.jpeg,Land essential minerals .
image429.jpeg,I The interior of Earth is divided into
image430.jpeg,"I Ecology : The team ecology was first ,"
image431.jpeg,individual organism #
image432.jpeg,Synecology is related to Study about
image433.jpeg,Community of Organism
image434.jpeg,# Levels of ecology .
image435.jpeg,It includes species of organism .
image436.jpeg,Population - group of individual organismism .
image437.jpeg,"Biomes - Erosystem IT """
image438.jpeg,The term ecology is made up of
image439.jpeg,Here would one is ' Diking means logos' means
image440.jpeg,I-trustucky : it is the branch of Science .
image441.jpeg,I The Study about relationship blow living .
image442.jpeg,organism . With their habitats
image443.jpeg,ITEREVEREDAGU.SUDING into
image444.jpeg,"Lthroecology , by , Synecology"
image445.jpeg,I Autoerdogy is related to Study about
image446.jpeg,by AG Tensely : it is defined as
image447.jpeg,"a Space store at the "" livingsorganisms"
image448.jpeg,one' present with their abiotic factors .
image449.jpeg,It includes at the chemical Cycles .
image450.jpeg,and Energy Chair #
image451.jpeg,"Natural , Kcosystem #"
image452.jpeg,Cross ) What is Ecological pyramids
image453.jpeg,User ) What is Pyramid of Biomary .
image454.jpeg,CLASS III what is ( condemnation ?
image455.jpeg,Wise ) which material ( invests outside into nitrate -
image456.jpeg,West West is ammarifications
image457.jpeg,General English Orange ( over
image458.jpeg,19thlessness ( communication
image459.jpeg,"# # COP and PICT ,"
image460.jpeg,LY S.Destresses is attributed to Rosey .
image461.jpeg,I S. Sireutner is a characteristic of Roses .
image462.jpeg,Equations . ( obtaining only algebra fructions .
image463.jpeg,Insophical methods
image464.jpeg,Numerical method
image465.jpeg,"are called as Valgeton's "" Question ."
image466.jpeg,"De-extles0,02-set-30-a-vers ."
image467.jpeg,translation ( contains transcedented function
image468.jpeg,apply are called as unprecedented .
image469.jpeg,Gay Sox-xFO # E-X-5-6 .
image470.jpeg,"an equation for # by using """
image471.jpeg,' It's not possible in busy case .
image472.jpeg,determination etc which runs on
image473.jpeg,any operating system and besolutement
image474.jpeg,independent or platform independent . The
image475.jpeg,"Size of back bytrade , instruction is"
image476.jpeg,I bye I and hence they are called
image477.jpeg,Byteco de instructions are contained in the
image478.jpeg,the Python program into another lock !
image479.jpeg,"called # Bite "" Close"
image480.jpeg,September : It represents a fixed set of
image481.jpeg,instructions that represents all
image482.jpeg,opparations like arithmetic .
image483.jpeg,# Comparison memory created
image484.jpeg,# Next Step is to win the programme
image485.jpeg,flowers it into machine code
image486.jpeg,An interpreter transketu the program
image487.jpeg,Source code fine by line : hence it is
image488.jpeg,slow . The Interoperator that is found inside
image489.jpeg,the PVM on the Python . Dr.opscorn
image490.jpeg,slowly to rectify this problem in some
image491.jpeg,flancers of Python . A ' Compiler is
image492.jpeg,This Compilers also Congress the byterede
image493.jpeg,half we directly give butwork to the Computes
image494.jpeg,into machine ( code but faster than
image495.jpeg,"Hit"" Cannot Greaul the "" it is necessary to ,"
image496.jpeg,"# Convent byte code into machine code , So , the"
image497.jpeg,# Our Computers can understand and execute it
image498.jpeg,""" for this we should use . PVM ( Author"
image499.jpeg,# Virtual machine from
image500.jpeg,"IPVMI - Pur usey , an interpreter which"
image501.jpeg,understands . The buffcode and
image502.jpeg,None type
image503.jpeg,can object we use my mull in
image504.jpeg,Languages like C and Java : but in
image505.jpeg,"punkon "" We store more to represent"
image506.jpeg,Non empty object and its data types .
image507.jpeg,is considered at
image508.jpeg,One of the user of none is it is used .
image509.jpeg,of the argument .
image510.jpeg,taken as more
image511.jpeg,Vumerous types
image512.jpeg,HEDEDED
image513.jpeg,""" Dichmany"
image514.jpeg,Mabbings #
image515.jpeg,Non-type #
image516.jpeg,In publication the non-type data types .
image517.jpeg,sewresent an object ! that does not
image518.jpeg,Contains any value . To represent such
image519.jpeg,# Syntax to declare Cambridge name in
image520.jpeg,I've also been
image521.jpeg,References
image522.jpeg,I Object refers to any Variable or
image523.jpeg,Constant you want to point
image524.jpeg,Commia in front statement
image525.jpeg,' End # ' You're # It decides the position .
image526.jpeg,# of the Crossor after launching
image527.jpeg,In Soviet federal
image528.jpeg,Southern
image529.jpeg,Available name # Unlike
image530.jpeg,#EQ-MUNL-BO #
image531.jpeg,Note : Valve is mandatory to otherwise
image532.jpeg,It William Jim.emmar
image533.jpeg,( Sunday of Point (
image534.jpeg,Navigation team's
image535.jpeg,"Iprint ( Object , Object 2 ... )"
image536.jpeg,State implement ( Auto decrement Made :
image537.jpeg,""" Indirect addressing Mode : More"
image538.jpeg,# To this made the address failed in available instruction .
image539.jpeg,I gives the address in which the effective address get
image540.jpeg,Notered in the memory .
image541.jpeg,"The Control signal publishes the instruction , like , available"
image542.jpeg,In memory with that uses its address to access the
image543.jpeg,memory . It is effective address .
image544.jpeg,Today addressing Mook :
image545.jpeg,Truki moved to
image546.jpeg,X In this Mode the Cantaint of given index register ( XR )
image547.jpeg,""" In this made the register , is fast implemented ( Auto-"
image548.jpeg,Inderged Addressing Mode-up-address
image549.jpeg,I documented after the barjong its value is used to
image550.jpeg,process the country . U.
image551.jpeg,""" Direct addressing made :"
image552.jpeg,""" To this made the address part of the instruction is"
image553.jpeg,legal to the effective address . U.000
image554.jpeg,""" The Operants Vis resides in the Memory , and the address"
image555.jpeg,I is given directly to the instruction address child ...
image556.jpeg,f trerequisite to write a program in
image557.jpeg,# needed to
image558.jpeg,and install manually in system .
image559.jpeg,# Noteback to
image560.jpeg,Sublinites etc.
image561.jpeg,# UN EUFAY Programming long-
image562.jpeg,Anti Translater ( interpreter )
image563.jpeg,I'm an mainly two types of editor .
image564.jpeg,# already present during
image565.jpeg,"Luckyton . """
image566.jpeg,I left Notepad in window .
image567.jpeg,IU-Text-editor in UBUNITU.
image568.jpeg,And out the ( I and future sum on #
image569.jpeg,# 2000 for 10 years at 5 ft. intourment
image570.jpeg,"yearly , quarterly , monthly and daily !"
image571.jpeg,Formula Half nearby
image572.jpeg,"smumbers . A floating point number "" contains"
image573.jpeg,Laughter tape
image574.jpeg,the Complex number is a number that is
image575.jpeg,written in the form of ( a tbr ) or
image576.jpeg,Haltib ( agreed and b-imaginary .
image577.jpeg,I The guests'd and b may contain
image578.jpeg,Linteaux or float
image579.jpeg,technical point . ' This Valute is represented
image580.jpeg,# CUM #
image581.jpeg,feating part numbers can also be written in
image582.jpeg,"Scientific notation , where we use"
image583.jpeg,# E or E to represent the power
image584.jpeg,I 2.5 x10 . Can be written as 2.5 ex or 2.5.4
image585.jpeg,# NUM # 25.5166 (
image586.jpeg,"I hope "" num and ' b ' are first variables ."
image587.jpeg,lgr_53 a_00.53.
image588.jpeg,"Converting ferotypes , Explicitily"
image589.jpeg,but Sometimes programmer wants to longest
image590.jpeg,"one datotype into "" another type , this is"
image591.jpeg,Called the Conversion
image592.jpeg,WAP to Convert numbers from Dotal binary .
image593.jpeg,and hexadecimal system into decimal number .
image594.jpeg,Each first diagram is a diogramatic representative
image595.jpeg,( 2 ) Revenue Cloninated
image596.jpeg,Fort is more than the reserve
image597.jpeg,We have to add all the lost and
image598.jpeg,substruct the revenge period having
image599.jpeg,Armest Lord will be selected for the
image600.jpeg,of Cork in flour and suffless along a bimlive
image601.jpeg,Cash inflated means what comes in
image602.jpeg,and it is represented about the time line .
image603.jpeg,"kg-income , profit , revenues etc."
image604.jpeg,Cash outflow means what goes out .
image605.jpeg,and it is represented before the timeline
image606.jpeg,"leg-s fast , Japanese tax payment etc."
image607.jpeg,#N fish ( dominated
image608.jpeg,"2015 in 18.7 . Fe 500,000 ."
image609.jpeg,meaning . The research is assumed to go into at
image610.jpeg,the rate of 15 ft. namely : first the
image611.jpeg,Single payment that's point the canade need of
image612.jpeg,the rescue amount .
image613.jpeg,"# HER 8,201.391"
image614.jpeg,Equal payment Series present worth
image615.jpeg,Amount # SING WINSTON
image616.jpeg,these cross objection to find out up when
image617.jpeg,the Compory to have an annual equivalent
image618.jpeg,20 years towards its employee welfare .
image619.jpeg,"# Steve Waughman ,"
image620.jpeg,# God Steve Yeal
image621.jpeg,# Passive Valer- #
image622.jpeg,AVY I am happy ...
image623.jpeg,AVY Honey tastes Street ...
image624.jpeg,"THE LESSMANSON """
image625.jpeg,AVY SITE COUNTY
image626.jpeg,Hughton is rotating .
image627.jpeg,Audiff H. Cat kit my dog
image628.jpeg,Incomplete # IT
image629.jpeg,With # FISTORY
image630.jpeg,A temporary events to purchase a fully
image631.jpeg,"autternated ceramic cutting machine , if it is"
image632.jpeg,"Lomechim ie 16,000,000 if it is purchased"
image633.jpeg,under installment the Company has're pay
image634.jpeg,25th of the last at the time of Paracharia .
image635.jpeg,Land remaining amount in to annual request
image636.jpeg,installment of Arkansas . Lochie Select the best
image637.jpeg,I alternative for the Company by present will method
image638.jpeg,Annual equivalent method
image639.jpeg,"5,000 ft 2,00,000 ft.5 ."
image640.jpeg,"400,000 ( 3,000,000 (5."
image641.jpeg,"Caivelut method with "" i-207 ."
image642.jpeg,In annual equivalent method we have to
image643.jpeg,Honest all the factors into a producer
image644.jpeg,will check the Profitability Annally :
image645.jpeg,( NEW 20 ( accepted )
image646.jpeg,NAWED ( Rojected )
image647.jpeg,NAWED ( Remain's stiffful )
image648.jpeg,H Company is Planning to purchase a
image649.jpeg,machine two dirty manufactor of grim .
image650.jpeg,from a particular project .
image651.jpeg,which the producer gets from the
image652.jpeg,On this method we how to find out ( a ) .
image653.jpeg,at interest with the project will be
image654.jpeg,Rate of return is of two types .
image655.jpeg,MARR ( Minimum Acceptable rate of return ) .
image656.jpeg,"IRR - ( Instead Rote of system ) """
image657.jpeg,MARR - which performer must get to remain in the
image658.jpeg,"business , It is tried by Indian"
image659.jpeg,IRR - is the actual rate of meetings .
image660.jpeg,Instruction format is
image661.jpeg,# An address field specific of the process negotiation .
image662.jpeg,If the mode # child specified the effective address of
image663.jpeg,"The Germans saw the winter . No , but it was found from"
image664.jpeg,A Computer may have instruction of several different length .
image665.jpeg,that there are 3 types of VCPV-Organization .
image666.jpeg,Twenty Sign single Ultratory Organization
image667.jpeg,Ian Robertson Register in Vienna .
image668.jpeg,LY BLACK Vorganization
image669.jpeg,Work Acc. Organization !
image670.jpeg,If the Operation are perform in an implied disc negotiator -
image671.jpeg,Instructions is a Commons given to the Computers to perform .
image672.jpeg,faith One Openant Emritkefly and Regiation which helps
image673.jpeg,to minimize the internal complexity . If and it allows sex
image674.jpeg,to Short instruction . If Mr.
image675.jpeg,"La Specific Operation . It is "" a group of bits ( binary "" codes ) """
image676.jpeg,that instructs the Computer the preceding Specific of Operation
image677.jpeg,""" An instruction format is an highly format "" which"
image678.jpeg,Specific a Computer instructions if anti-are divided into
image679.jpeg,I grows known as fields . The Most Common fields are
image680.jpeg,""" An upside field specific the Operation which is to be"
image681.jpeg,"taxicated touch as : Yedd , Sub , Mul , divete ,"
image682.jpeg,three empty and life with
image683.jpeg,I Sirale better ( as a number of buyer
image684.jpeg,"s No"" close Substitute . It is"
image685.jpeg,# Barrier on the entry of new # from
image686.jpeg,A Customer Exploitation !
image687.jpeg,"""4 : Indian Railway is the best incomplete"
image688.jpeg,U. of Customer Exploitation
image689.jpeg,a products are homogeneous
image690.jpeg,2 Valom Price # TV
image691.jpeg,I NO advertisement # UN
image692.jpeg,S No. attachment in buyers and seller :
image693.jpeg,law Vegetable market #
image694.jpeg,Imperfect Market :
image695.jpeg,Minapolis #
image696.jpeg,character # ( feature (
image697.jpeg,daresence of a river :
image698.jpeg,in the first year and thereafter it made
image699.jpeg,"by 500mm "" every year . His the kind of the"
image700.jpeg,"life of the bridge . These , whether the priest"
image701.jpeg,is justified by ' benefit ( out ratio of
image702.jpeg,IT It seems in deceive travel time .
image703.jpeg,"ag increased , full legst . So the State"
image704.jpeg,investment for the Construction of the
image705.jpeg,bridge ' Will be to talks : ' The
image706.jpeg,annual operation and maintain (est-
image707.jpeg,"is 1,50,000 "" life of the bridge is 15 yard ."
image708.jpeg,"The value of "" full saving due to the"
image709.jpeg,Construction of the bridge is 6 lumber-
image710.jpeg,""" A State government is planning a hydroelectric project ."
image711.jpeg,"I benefits - 50,000 Annual recreational benefits ."
image712.jpeg,"1,20,000 life of the priest-50 years ."
image713.jpeg,check whether the praced is justified by
image714.jpeg,Compared annually
image715.jpeg,I on a silver barrier in U addition to the
image716.jpeg,Introduction of electric readers . The project
image717.jpeg,Land ' recreation ' benefits the ' estimated
image718.jpeg,I benefit & lost one as following
image719.jpeg,"Initial fast : 8 ago ago ,00 . Annual operation - 30,000,"
image720.jpeg,1961-
image721.jpeg,"Annual Power shells # 6q.09,000 . Annual flood ,"
image722.jpeg,"I Control saving # 30,000 Annual inspection ."
image723.jpeg,According to ( etc.
image724.jpeg,Lequalty Liberty and graduate to
image725.jpeg,immoke # fastering among them .
image726.jpeg,History of Indian Constitution .
image727.jpeg,The Constituent assembly was formed in
image728.jpeg,1946 under the scheme formulated by
image729.jpeg,Cabinet missiles plan #
image730.jpeg,and Tory heats were attached for the formerly States .
image731.jpeg,The Constitution is a set of fundamental
image732.jpeg,I principle according to which a tele-
image733.jpeg,for other organization is governed .
image734.jpeg,The idea of to have a constituent assembly
image735.jpeg,for the first time in India is given by
image736.jpeg,the Constitution declares India sovereign .
image737.jpeg,"f Socialist , secular and democratic and"
image738.jpeg,Lawselves all its Citizens of Justice .
image739.jpeg,The Constituent assembly held its first
image740.jpeg,"Lorn until Jan 1941 ,"
image741.jpeg,IDRIS. Sinha becomes the provisioned
image742.jpeg,I president of the Constituent assembly on
image743.jpeg,""" 9-decumbers 1946 While later"
image744.jpeg,I Dr. Rajendra passed our two man-herce
image745.jpeg,Liven elected the permanent president and vice
image746.jpeg,I president of the Assembly
image747.jpeg,IBN RO was appointed as the Constitution
image748.jpeg,Leducer of the assembly . The Constituent
image749.jpeg,annably operated a drafting committee on 29 .
image750.jpeg,smesting on 9th December 11tho-
image751.jpeg,lawy 'law ! under the Chairmanship of Dr.
image752.jpeg,be Ambedkar along with 6 other
image753.jpeg,On 28 May 1949 the bush-nation was
image754.jpeg,labelened as # passed : The Provisions related .
image755.jpeg,to Citizenship election at provisional
image756.jpeg,PRESNIGHT etc v. www common com #
image757.jpeg,"and I assemble ! 4"" August 1941 ."
image758.jpeg,It took 2 years it months and 18 days
image759.jpeg,to finalize the Constitution
image760.jpeg,Obiective resolution search moved in the
image761.jpeg,first session of the Constituent assembly by
image762.jpeg,""" Pt. Tauchov' Lalneham . It was adopted"
image763.jpeg,offer considerable and debate in assembly .
image764.jpeg,create the web page .
image765.jpeg,"Exl-HTTP.server , Apache ."
image766.jpeg,# Web Consumer #
image767.jpeg,B Server .
image768.jpeg,- Communication Enpublished :
image769.jpeg,During the IP address with the ICP.
image770.jpeg,the information or resource ( web browser
image771.jpeg,to web server ) ...
image772.jpeg,fractures .
image773.jpeg,# Connection less
image774.jpeg,A Media Independent
image775.jpeg,# conceived within the UN server .
image776.jpeg,A Web browser send a request for web
image777.jpeg,page using web server by the help of
image778.jpeg,""" It is best which contain the link to"
image779.jpeg,""" web browser send a request to view ."
image780.jpeg,"the web page or navigate "" web page or"
image781.jpeg,"navigation "" Rupert V West ."
image782.jpeg,Page layout # tinking :
image783.jpeg,Some map ! - It's difficult to visitors on user
image784.jpeg,"to quickly more one point to , another page"
image785.jpeg,when the I web size ( obtain range no of
image786.jpeg,IP running # publicity .
image787.jpeg,"# Research's good "" objective ."
image788.jpeg,A planning's design
image789.jpeg,"x Testing # maintenance """
image790.jpeg,"where logo , images ? title of the web"
image791.jpeg,foosei : It is the last section on web pages .
image792.jpeg,"Why it store , anger , video fire 8 audio fires :"
image793.jpeg,User Centric Design :
image794.jpeg,"It can't be credit the exact behaviour ,"
image795.jpeg,of web pages web site but the general
image796.jpeg,At least least
image797.jpeg,OD Klitley ... . Jeffrey - 256 charr.acc. 950
image798.jpeg,"think new sloon , hnet : ' Ingopi'"
image799.jpeg,"4 tape .E "" Image 100 """
image800.jpeg,Non grobalised path need to be
image801.jpeg,define in the Todd .
image802.jpeg,""" U.Mesa description"
image803.jpeg,10 media fashion #
image804.jpeg,( 37 meta title
image805.jpeg,of Meta view Part 2
image806.jpeg,# best is 25 char : is confidence
image807.jpeg,# Hitler my page ( hitley .
image808.jpeg,""" my average - - I - this is cured expse-"
image809.jpeg,"By 1dinky , It is a unrained tag ."
image810.jpeg,"spilt has self crossing tag . ' Only . """
image811.jpeg,"log into Work here : "" Path of new """
image812.jpeg,"# "" never - "" the need to html-doc . """
image813.jpeg,"dupe-type of some "" Y-000 """
image814.jpeg,A 10 specialty the URL of the server page
image815.jpeg,It similar with conservative but similar
image816.jpeg,""" Leadstreet ."
image817.jpeg,(Y KIDOC TYREY - # Montgomery :
image818.jpeg,7. Liminey homagogue tax require .
image819.jpeg,"ris lower case is one of the most "" elements ."
image820.jpeg,"which "" we want to sent the data :"
image821.jpeg,Download - #
image822.jpeg,Then is two-type . get # post method .
image823.jpeg,In this method don't have any specific days .
image824.jpeg,send to the server .
image825.jpeg,""" In this method : we have specific data bank"
image826.jpeg,at data send to server .
image827.jpeg,Langhad e. www littleman
image828.jpeg,interference in East
image829.jpeg,""" That is the child element to display inside ."
image830.jpeg,the container number
image831.jpeg,Bir Main . August 8 1959
image832.jpeg,If define the film direction by the help
image833.jpeg,"of rows , and columns . """
image834.jpeg,M-Cross House's
image835.jpeg,It is perpendicular to main only .
image836.jpeg,""" Common Properties "" from ( container . """
image837.jpeg,- Display the French-active flembery .
image838.jpeg,IT starts for tremble been layout .
image839.jpeg,# It arrange all the element knows !
image840.jpeg,column # I distributed for sufficient space .
image841.jpeg,"pill all the element ,"
image842.jpeg,"- Properties ""flex container : It is defined ."
image843.jpeg,as the parent container display .
image844.jpeg,"Summaristless """
image845.jpeg,Southern Hemisphere .
image846.jpeg,"felt arrange all the element "" now #"
image847.jpeg,But Man House ! -
image848.jpeg,At define the film direction by the hemp !
image849.jpeg,"of Moves and columns . """
image850.jpeg,Mr. Press Houston's
image851.jpeg,IT is perpendicular to main only .
image852.jpeg,""" Common Properties from Container """
image853.jpeg,2- Flame direction ! - How are column define .
image854.jpeg,1934 Stevenson Reagan
image855.jpeg,boustified land # trem shares
image856.jpeg,to strengthen listening
image857.jpeg,column # I distributed for sufficient space .
image858.jpeg,4-Film wrap forward's Reverse
image859.jpeg,"of W. All the Element ,"
image860.jpeg,"-Inspecties ""-flex container : It is defined ."
image861.jpeg,as the parent container display .
image862.jpeg,"Surtam's ""itlerw """
image863.jpeg,Stadium Henry's wife
image864.jpeg,That is the child element to display inside .
image865.jpeg,"the container : """
image866.jpeg,""" Here the instruction format uses Only One address format"
image867.jpeg,Irey can be reduced from 3 to 2 address format if
image868.jpeg,the destination register is some on the surface regulator .
image869.jpeg,ISTAK Organization ;
image870.jpeg,""" The Operants are put into the struck and the operation is"
image871.jpeg,"I launched , out in top of the STACK ( TOS )"
image872.jpeg,""" PUSH and pop are used to communicate coilts in the STACK ,"
image873.jpeg,I which requires an address field .
image874.jpeg,Iwo'd Push-AVVILL
image875.jpeg,LADY HACTON TXM.
image876.jpeg,HADX PACK ACC AMEXT
image877.jpeg,I General Assistant Assistant Assistant Assistant
image878.jpeg,' It is a set of GPR ( Re. Ruske ... ' . Ro-l ) and is most
image879.jpeg,whitely accepted model for Computer Architecture .
image880.jpeg,because it needs a on 3V ( TWO or THREE ) According
image881.jpeg,He returned .
image882.jpeg,""" APO RERSBURRY Robert R."
image883.jpeg,"IT is defined as , Reduce ."
image884.jpeg,# It usks the limited No.
image885.jpeg,# of instruction that requires
image886.jpeg,# Hess time to execute Vthe
image887.jpeg,Construction . v.
image888.jpeg,# ITF uses LOAD and STORE .
image889.jpeg,Construction which are in-
image890.jpeg,Independent and Operated in
image891.jpeg,I register to register interaction .
image892.jpeg,# has more transistors in
image893.jpeg,memory register .
image894.jpeg,instruction set computers .
image895.jpeg,# The execution time is less .
image896.jpeg,# It can be used in high end
image897.jpeg,implications like image and
image898.jpeg,# Vedico processing VOUS
image899.jpeg,It has fixed instruction ...
image900.jpeg,Hormalism
image901.jpeg,"NEG : ARM ( not in use Now ) ,"
image902.jpeg,AVK CAUTomatic Voice recognize )
image903.jpeg,ARC ( Advance Risk Computing .
image904.jpeg,Computer (
image905.jpeg,It depends on software to
image906.jpeg,Optimise the instruction set .
image907.jpeg,IT requires multiple register .
image908.jpeg,to store the data . V.
image909.jpeg,# It has simple decoding ...
image910.jpeg,Halgorithum . VV.
image911.jpeg,# Uses of pipe-line are simple
image912.jpeg,It is defined as Complex .
image913.jpeg,s It uses the large No . No. No.
image914.jpeg,instruction that V-requires .
image915.jpeg,none time to exclude the
image916.jpeg,instruction #
image917.jpeg,ITF uses LOAD and STORE
image918.jpeg,instruction from Memory .
image919.jpeg,to memory information . V.
image920.jpeg,""" It has less transistors in"
image921.jpeg,memory register .
image922.jpeg,The execution time is quit higher .
image923.jpeg,instruction set Computer .
image924.jpeg,s It can be used in law and V.
image925.jpeg,application like Home Automations
image926.jpeg,Sigurity System etc.
image927.jpeg,It Was Variable instruction .
image928.jpeg,Format .
image929.jpeg,"Frey : - AMD , INTELY 86 ."
image930.jpeg,Maltore Ola 680
image931.jpeg,IT depends on hardware to
image932.jpeg,optimise the instruction set .
image933.jpeg,It requires single register .
image934.jpeg,to strike the datid . V.
image935.jpeg,It has complex decoding .
image936.jpeg,algorithum .
image937.jpeg,""" Uses of pipe-live is difficult"
image938.jpeg,Route and disability in
image939.jpeg,"With each word consisting as # bits "" I ..."
image940.jpeg,It is a group of cells or group of fixed size which
image941.jpeg,one preferences are called as Verund .
image942.jpeg,Nor of bits on each word is called word length .
image943.jpeg,The word length will be ranging from 18-64 bits .
image944.jpeg,There are three basic information quantity .
image945.jpeg,""" It is impractical to assign , distinct address to individual"
image946.jpeg,""" bit in the memory , SAY Successive address , merfers to"
image947.jpeg,"# Successive bytes Valuation in the memory and "" this"
image948.jpeg,"assignment "" is called byte addressible tomorrow : """
image949.jpeg,I getly the word length is I g ' and the Machine is
image950.jpeg,""" 3-bits . So , then ' successive "" address , will be"
image951.jpeg,"Located at the address like over 24,4,4.39"
image952.jpeg,Mainly there are a components associated with single bus .
image953.jpeg,# performance Selection process on 2 or more incoming signal
image954.jpeg,In a script of Mr. W.Succeeded by
image955.jpeg,"It is ranging from 0.1, and it is used for activating"
image956.jpeg,the MUXNOUS
image957.jpeg,"Umpalization , they are I am"
image958.jpeg,US Programal Center #
image959.jpeg,It is a register that manages the address of inst- to be
image960.jpeg,opposed that Y.
image961.jpeg,This are GPR ( Generally purpose register ) and holds
image962.jpeg,temporary while perception different Operation
image963.jpeg,LY 2 and TEMP - substances with various
image964.jpeg,this are temporary refister that can be used on written .
image965.jpeg,There are a 0/p allowing the constant of two projector .
image966.jpeg,LandeB. ( V.V.
image967.jpeg,The result is transferred to the destination over busc.
image968.jpeg,Fitz headed ! U.
image969.jpeg,It finds the instruction in a Currently being executed .
image970.jpeg,I is said to U the first instruction of the program .
image971.jpeg,( Containet of the 1pc are transfer to MAR' and READ Control
image972.jpeg,Isional is sent to the meratory .
image973.jpeg,After the time required to discuss the memory the address
image974.jpeg,""" isired out of the ' memory , and loaded into UNDR ..."
image975.jpeg,I now the Confident of MDIL are transfer to IR and the
image976.jpeg,Construction is ready to be excluded .
image977.jpeg,""" The first operant ' isl petched by , sending its address to"
image978.jpeg,I MAN and simultaneously initiate or U READ Signal-
image979.jpeg,After One or two more cycle the ALV Can perform the
image980.jpeg,It should the qp in a variable effecture ! for the
image981.jpeg,"Ordared operation , V.V."
image982.jpeg,""" If the result of the operation is to be signed in the"
image983.jpeg,memory then're result is sent to MDP .
image984.jpeg,The address of the memory result is stored in MAR and
image985.jpeg,"might operation will be perform out . """
image986.jpeg,""" The Containers of pc will be ) in outs implicated made"
image987.jpeg,and address of the next instruction will be starred in
image988.jpeg,I Central Circuit which generates the timing 1/91gmd.
image989.jpeg,Operational steps #
image990.jpeg,There are 10 operational step involved to indicate a
image991.jpeg,"program on instruction ,"
image992.jpeg,""" That program stage in the memory , and usually get the input"
image993.jpeg,"through # I ,o devices . VVV."
image994.jpeg,I Exidation of the program starts when the program Counter
image995.jpeg,With the help of generating Central signal the hard-sized-sized
image996.jpeg,The information about the Current step must be known to
image997.jpeg,the Central unit often that the step Counten is
image998.jpeg,Lingl commented which I is used to Confaint the signal
image999.jpeg,from ( Tsing ( The Up of step ( counted will take into
image1000.jpeg,Central unit is able to ( execute the instruction at Current
image1001.jpeg,type and a proper flawedte .
image1002.jpeg,As compared with MPOND the HUCN is generally beaten .
image1003.jpeg,The generated upscale bits are rected in the first
image1004.jpeg,""" of an instruction "" decorder with interpreter the truth"
image1005.jpeg,and addressing made of the instr Now on the basis
image1006.jpeg,"of addressing , Under the destruction decaders sends the"
image1007.jpeg,distruction ( signal ( INS I - INSD ) ...
image1008.jpeg,In single bus Organization Only One data item an instructor
image1009.jpeg,Can be processed at execution cycle or clock cycle .
image1010.jpeg,""" To reduce the no of steps moist processor provided"
image1011.jpeg,multi bus Organization to enable several transagree that
image1012.jpeg,Con take whole in parallel manner .
image1013.jpeg,In multi bus structure are used to connect the registers
image1014.jpeg,and ALV of the processor #
image1015.jpeg,Called as realistic .
image1016.jpeg,With the help of generating Central signal the hard-wired
image1017.jpeg,The information about the Comment step must be known to
image1018.jpeg,the control unit often that the step Counter is
image1019.jpeg,Implemented which I is used to constant the signal
image1020.jpeg,from ( Tr-Ts ) The 9/p of step Counten will take into
image1021.jpeg,"I Central unit I is able to "" execute the instruction at Current"
image1022.jpeg,"tyne and a broken stalerie ,"
image1023.jpeg,AS Compared with MPCVP the HUCN is generally beaten .
image1024.jpeg,The generated upside bits are received in the field
image1025.jpeg,""" of an instruction decorder with interpreted the inside ."
image1026.jpeg,land addressing made of the instre Now on the basis
image1027.jpeg,I are addressing bonds the instruction decobera sende the
image1028.jpeg,instruction ( signal ( INSITE INSPONS
image1029.jpeg,The One clock cycle of clock will be Completed off earth
image1030.jpeg,step for example if the step Counter is said to one
image1031.jpeg,""" then after Completing One claim cycle , the step Counten ."
image1032.jpeg,Lwill did to try to be done the first Vfask has for the
image1033.jpeg,task number #
image1034.jpeg,The external life is used to tell the Central Signal
image1035.jpeg,generator about the interepies which will apply the
image1036.jpeg,"revolution of an instruction ,"
image1037.jpeg,Misses programmed ( control unit :
image1038.jpeg,A micro programmed Central unit can be described as a
image1039.jpeg,"simple logic . Circuit , which can be used in two ways ."
image1040.jpeg,1ye It is able to execute each instruction with the Uhelp of
image1041.jpeg,Igenerating Control Signal
image1042.jpeg,"I am it is able to do the sequencing , In micro instruction label ."
image1043.jpeg,( It generate the Central signal with the help of programme at
image1044.jpeg,the time or evaluation CISC architecture .
image1045.jpeg,The program which is used to Great the Central Signal
image1046.jpeg,Control word and Compounds to the standing address
image1047.jpeg,of microprogram .
image1048.jpeg,"In this step "" the micro' instruction Contains of bit which is"
image1049.jpeg,"known as end - bit , So , in this Central unit "" the micro-"
image1050.jpeg,program are stared with the help of Central memory are
image1051.jpeg,one known as microprogram . It is placed on the predecessor
image1052.jpeg,which is a type of the last memory and also known as
image1053.jpeg,Central starred and Central word for
image1054.jpeg,The instruction fetched in the first step and instruction from
image1055.jpeg,# the instruction decade is going to be placed in the
image1056.jpeg,which will decide the micro-instinction with the help of
image1057.jpeg,"micro-instruction address generator , "" We"
image1058.jpeg,"Increament done in the 3rd step , which increments the"
image1059.jpeg,Wemiconductor Memory in
image1060.jpeg,Non-volatile memory :
image1061.jpeg,"The Non Valatile memory . Such as "" CROME Read - Only - memory"
image1062.jpeg,"flash memory and EEPROM ( Electricity probable . """
image1063.jpeg,""" programmable Read only memory ) Can ( be used as strong"
image1064.jpeg,"that data even power . ' I is turned off . """
image1065.jpeg,advantages in WIN W.
image1066.jpeg,Eastern races time from his own number
image1067.jpeg,""" Higher data transition rate #"
image1068.jpeg,"Silver power ( overtuation ,"
image1069.jpeg,lore Secondary stores medium #
image1070.jpeg,It is divided into a type in
image1071.jpeg,Involative memory #
image1072.jpeg,Lawden - Volatile ' memory
image1073.jpeg,Notable memory #
image1074.jpeg,( State random Area Memory )
image1075.jpeg,RAM ( Random Access memory ) #
image1076.jpeg,It is slower and less expensive than S-RAM .
image1077.jpeg,IRM ( Read - Only memory ) :
image1078.jpeg,It is a type of Dan-Volatile memory that can be Only read
image1079.jpeg,Land it is ' used to store the program that ' are not .
image1080.jpeg,IT is divided into different type .
image1081.jpeg,These son : #
image1082.jpeg,X It is a type of ROM that is program during the manufacturing
image1083.jpeg,brobesLY # UNNOUS U.V.
image1084.jpeg,A Once program the Content of ROM Can't be changed .
image1085.jpeg,IP ROM MENNOUS NEW
image1086.jpeg,"when the Computer is running : """
image1087.jpeg,It is a type of Rome that can be programmed since by
image1088.jpeg,"the User . """
image1089.jpeg,It can be programmed and erased electrically .
image1090.jpeg,It is use to ' store the data that needs to be broadified .
image1091.jpeg,Occasionally such as BIOS setting of motherboard .
image1092.jpeg,It is further divided into types :
image1093.jpeg,cloticMAN (S-RAMIT -
image1094.jpeg,It uses the flops to store each bit of data .
image1095.jpeg,It is fault and more expensive then DLPAN
image1096.jpeg,Dynami PAN 1P-RAMi -
image1097.jpeg,ITF uses Capacitor to store each bit of data .
image1098.jpeg,Charmeteristics :
image1099.jpeg,trememouth . It is distinguished with Vibe's first
image1100.jpeg,A Capacity interest .
image1101.jpeg,in the hierarchy is increases . Most
image1102.jpeg,Werterman's TV
image1103.jpeg,""" When a Computer system was designed , earlier without"
image1104.jpeg,to large difference old system Access Time . If
image1105.jpeg,""" What Ben Bit ? #"
image1106.jpeg,' It increases as we have from bottom to top in the
image1107.jpeg,bierarchy # external memory is cheaper than internal
image1108.jpeg,There are two types of pipeline structure in
image1109.jpeg,"# Six Nato dependency . """
image1110.jpeg,"# Consider a pipeline having a phases with durations so ,"
image1111.jpeg,"11 50, 90 and 80 None decades . The later delay is to NS-"
image1112.jpeg,""" Calculate pipeline cycle time , Non pipeline Execution time ,"
image1113.jpeg,"I Board of radio , pipeline time for 1000 task , Non pipeline"
image1114.jpeg,I time for 100 task and throughout a
image1115.jpeg,pipeline cycle time : May 3 3 + Delay )
image1116.jpeg,Non pipeline execution time for 1 institution # I fall the value )
image1117.jpeg,1 Speed of Motion # NPET V.
image1118.jpeg,pigeline time from 1000 task . Time taken for 4't task time -
image1119.jpeg,manufact tometic pipeline #
image1120.jpeg,# taking forthcoming gag take
image1121.jpeg,Eye of clock cycle # 999 x 1 chale :
image1122.jpeg,Non pipeline for Year task a 1000'x Time taken for 1 task
image1123.jpeg,throughput # Total no target
image1124.jpeg,TV pipeline time can look today
image1125.jpeg,by instruction pipeline
image1126.jpeg,Diprine conditions #
image1127.jpeg,I deviate it's normal performance cure .
image1128.jpeg,Virginia Variaten :
image1129.jpeg,Italy's Dotal Hazards
image1130.jpeg,IRIB SHMONING
image1131.jpeg,1961 Government
image1132.jpeg,Instruction . Get Architecture it was
image1133.jpeg,"supported by ""greatsere #"
image1134.jpeg,# Based on the type of operation they are classified
image1135.jpeg,was into 3 tunes INV.V.V.V.V.V.V.V.V.D.D.D.D.D.D.D.W.
image1136.jpeg,19iyArithmetic on logical instruction :
image1137.jpeg,This instruction purpose . Various arithmetic or logical
image1138.jpeg,instruction when old or more operant . U.U.
image1139.jpeg,displayData transfer instruction (
image1140.jpeg,This are responsible for the transformation of instruction .
image1141.jpeg,from the memory . ' to processed registers and Vice-Vense
image1142.jpeg,Nising Branch and TMP instruction :
image1143.jpeg,It is deprived as the design of the Computer from the
image1144.jpeg,This are responsible for bedaking the Sequencial flow of
image1145.jpeg,Location in Australia .000
image1146.jpeg,programstrinter point of View ( ... V.
image1147.jpeg,It Vis not Consumed Health the implementation of Specific
image1148.jpeg,details of Computer . In its own ( A view
image1149.jpeg,It is consumed with the set long collection of basic
image1150.jpeg,"operations . Computer most support ,"
image1151.jpeg,There are three objective use for an USA .
image1152.jpeg,May It define the type of operation instruction to be
image1153.jpeg,Instures of Lisbon
image1154.jpeg,Pittontown #
image1155.jpeg,The smallest individual element of a
image1156.jpeg,lation Statement :
image1157.jpeg,in Keywards - Keserved ward having
image1158.jpeg,special meaning to Python .
image1159.jpeg,"Even't class finally , if , else , Irene , Julie etc ."
image1160.jpeg,"I used to identify variable , class ,"
image1161.jpeg,"function , modules etc."
image1162.jpeg,I -I dynamic tired language
image1163.jpeg,# Intercorrected warnings
image1164.jpeg,I'm Harry rich in October
image1165.jpeg,""" most Suertable for AT # data scene"
image1166.jpeg,"Within character set ,"
image1167.jpeg,It contains all characters of MSCI
image1168.jpeg,Sunique characters .
image1169.jpeg,"'a ' 7' - 97-122 . "" Sublet of"
image1170.jpeg,7 Keyward can not based as identification ?
image1171.jpeg,"in a part of single , double or triple ."
image1172.jpeg,"BNS ABC , Labour"
image1173.jpeg,Welcome to
image1174.jpeg,RAIM DEPY
image1175.jpeg,"7 No Special character ( except : """
image1176.jpeg,# into sensitive #
image1177.jpeg,WE Litzreal or constant -
image1178.jpeg,7 Intersex literally -C while num-
image1179.jpeg,7 Floating Point Liberals
image1180.jpeg,I complex lateral . It is in the
image1181.jpeg,Form of cities .
image1182.jpeg,7 String Liberals ; Sequence of Character
image1183.jpeg,Arithmetic operators - # float division .
image1184.jpeg,Statement :
image1185.jpeg,Ralational operations
image1186.jpeg,Logical operators : #
image1187.jpeg,"# 13,0003-4-0 ."
image1188.jpeg,"And , are , more"
image1189.jpeg,Membership operator :
image1190.jpeg,# IN SOME NOT M.N.S.
image1191.jpeg,Eric Provost ( 'a ' in ' apple ' ) ' Irene
image1192.jpeg,print ( 'W in apple ) false .
image1193.jpeg,this is represented for close into
image1194.jpeg,I fracture all whole numbers
image1195.jpeg,I Very small int to Very large int-
image1196.jpeg,Can be represented as inf.
image1197.jpeg,Print ( type ( as )
image1198.jpeg,OP ( Dossint'
image1199.jpeg,Datatypes in Python
image1200.jpeg,1 . Numeric chatatype #
image1201.jpeg,"2 . Sequence datotype ( Strong , list , temple ) ."
image1202.jpeg,"a"" Boolean datatype"
image1203.jpeg,4 . Mapping clutarype ( s ft.ohibitionary )
image1204.jpeg,are represented in the memory of
image1205.jpeg,off Lisbon ' Complex's
image1206.jpeg,Sequence datotypes :
image1207.jpeg,Characters within a pair of simple .
image1208.jpeg,"double or triple quotes . """
image1209.jpeg,of Mass SIR :
image1210.jpeg,Compkins database :
image1211.jpeg,It represents complex number of the
image1212.jpeg,as real port ( we represented
image1213.jpeg,be imaginary part ) as float
image1214.jpeg,"Hunt ( "" Keal Pat : "" I need )"
image1215.jpeg,Print ( 'Enginef part : ' ( imp )
image1216.jpeg,Print ( type (c ) )
image1217.jpeg,7 All characters are indexed .
image1218.jpeg,I All elements are indexed based .
image1219.jpeg,""" On their position ."
image1220.jpeg,"vte ( 5,7.3,8,9 ) Mr."
image1221.jpeg,"# 3-7.5,A.5,M. 3 )ORCE"
image1222.jpeg,"#F.4.7, 9,8,10 )"
image1223.jpeg,# Foreign in financial research
image1224.jpeg,based on their position .
image1225.jpeg,( both the Save index )
image1226.jpeg,""" It is a sequence of values ."
image1227.jpeg,Separcated by common ) ; and
image1228.jpeg,enclosed within a pair for
image1229.jpeg,# If major certain heterogenous .
image1230.jpeg,values and other people also .
image1231.jpeg,It is a comma separated sequeno .
image1232.jpeg,# U.Farlane
image1233.jpeg,' Kelias book ' ) '
image1234.jpeg,of values ended with a pair of p-
image1235.jpeg,7 Elements are indeed base on their
image1236.jpeg,"LE ( 2,5 , 7 , 9 ,18 ,157"
image1237.jpeg,# FRANTTON )
image1238.jpeg,"Print in , end : """
image1239.jpeg,Boolean datutures
image1240.jpeg,"True , false )"
image1241.jpeg,Scot datagles
image1242.jpeg,Dictionary : W.C.
image1243.jpeg,brachey .
image1244.jpeg,every induce
image1245.jpeg,position . XXXIII
image1246.jpeg,""" No duplicate values are allowed"
image1247.jpeg,x flaments can not be indexed on them .
image1248.jpeg,"# 2,5. 7.2 is Same as 3 1.2.53 ."
image1249.jpeg,-7 A set is represented by class set
image1250.jpeg,"USL.S.S. ,A.G.GER"
image1251.jpeg,"# SHIPS PDF ( "" Apple )"
image1252.jpeg,# MOND ( S2 ) # ONE COUNTUS
image1253.jpeg,by The elements are accessed by Common key .
image1254.jpeg,"D'Number , Craig , list I couple"
image1255.jpeg,"Number , Strip , list I couple"
image1256.jpeg,for empty value # False
image1257.jpeg,non zero or non empty-free
image1258.jpeg,of the are operative working on these
image1259.jpeg,value always return first time .
image1260.jpeg,in Point ( ( D.Cramer ) . If all John
image1261.jpeg,Kalational expression :
image1262.jpeg,The operrant data type should fame .
image1263.jpeg,""" ABC "" "" "" def "" S false W.S."
image1264.jpeg,"nabbit indef "" franc"
image1265.jpeg,""" Russell "" You're false #"
image1266.jpeg,Lorical operator work on
image1267.jpeg,MDR National expression #
image1268.jpeg,# If reverse the value of an openand
image1269.jpeg,# not true : Father
image1270.jpeg,"and ( I : If true ) """
image1271.jpeg,Identity operator is used to check
image1272.jpeg,tolerlands are some or not .
image1273.jpeg,"numbers , strong list and trille ."
image1274.jpeg,""" return first "" false ( Second time ) ."
image1275.jpeg,"# "" able "" and "" Jeff ""s "" def """
image1276.jpeg,It reverse the value of an opened
image1277.jpeg,not true # Father's
image1278.jpeg,# not also has been transferred to
image1279.jpeg,LOY M.O.O.O.O.O.O.O.O.O.O.D.H.O.
image1280.jpeg,not ( I : If true )
image1281.jpeg,Exit defines the maximum length of each type or
image1282.jpeg,"exstruction , from what all time was written as"
image1283.jpeg,Decade's militant war extraordinary
image1284.jpeg,Roy Fedch upwards
image1285.jpeg,by Stone the result
image1286.jpeg,by Internet handling
image1287.jpeg,Construction . J.
image1288.jpeg,"# Since the MPs 14 of 38-bitaISA . So , the"
image1289.jpeg,Construction should act-moded with that 32-bit-
image1290.jpeg,"Construction is , located with in that 32-bits ."
image1291.jpeg,Construction cycle # COUNT
image1292.jpeg,WINAR ( Memory address resolution )
image1293.jpeg,Commonwealth V.V.V.V.V.V.V.V.V.V.V.V.W.S.S.S.S.S.S.S.S.S.S.S.
image1294.jpeg,It is Connected to the data line of the system bus . In
image1295.jpeg,Print ( A is b ) # It O/P true .
image1296.jpeg,the company - IATA
image1297.jpeg,Government - L.000
image1298.jpeg,Government -
image1299.jpeg,know as document String ( see stay ) .
image1300.jpeg,Print ( A is not b ) . It of P false .
image1301.jpeg,Comment in Python's
image1302.jpeg,Non electable statement is used to
image1303.jpeg,Dust Tremanic on a Privy
image1304.jpeg,instruction what is written and
image1305.jpeg,"execute in one line , performing a"
image1306.jpeg,complete operation .
image1307.jpeg,"Paris of truffle code ( "" "" "" )"
image1308.jpeg,"a.b.C. Eval ( input ( "" Enter 3 side - n ) ) ."
image1309.jpeg,Drug ( breath-591 ( d )Area )
image1310.jpeg,follows #
image1311.jpeg,"Print ( Equila trial "" I am"
image1312.jpeg,"Print ( ISO states "" )"
image1313.jpeg,"Print ( "" Scalese triaggos )"
image1314.jpeg,# roots of a quadocratic equation .
image1315.jpeg,"a.bsc toward ( input ( "" enter the contents a , bAC "" ) ."
image1316.jpeg,# No.BODY HANK CRAWARDS
image1317.jpeg,"Print ( "" no real roots # )"
image1318.jpeg,# PLOTICAL COUNT
image1319.jpeg,""" No infl input ( "" Enter no , of units : "" ) ) )"
image1320.jpeg,Short loop #
image1321.jpeg,"_bill - 4.50, 100-6. 50,300 + 7.50-N-30,"
image1322.jpeg,"_bill- 4, 50# 100 +5.50,200-750, 200,"
image1323.jpeg,"Print ( bill amount # "" bill )"
image1324.jpeg,multiple times is refer to as keeping .
image1325.jpeg,Two Loop structures used in Python .
image1326.jpeg,1 white loop #
image1327.jpeg,# ROODO numbers
image1328.jpeg,"# not ( input ( "" Enter a number : "" D"
image1329.jpeg,"front ( "" sum : ' , S. "" average : "" 500 ) """
image1330.jpeg,# Chele frame number on roof
image1331.jpeg,""" Joint ( input ( "" enter a number : "" )"
image1332.jpeg,"fore i in range (1,"
image1333.jpeg,greatfit is a prime nuclear )
image1334.jpeg,"front ( It is not a Prime number "" )"
image1335.jpeg,# Fisonard Barnes
image1336.jpeg,Print ( It is a Prime No. ) .
image1337.jpeg,if a few person
image1338.jpeg,Conference #
image1339.jpeg,"Brant (n , ends #"
image1340.jpeg,"print ( "" It is not a prime number "" )"
image1341.jpeg,Lonsignue :
image1342.jpeg,It is used to keep part of a loop .
image1343.jpeg,and begins the next itmercation .
image1344.jpeg,""" It abandons the present iteration was"
image1345.jpeg,presumes the next iteration .
image1346.jpeg,7 It is known as backward keeping .
image1347.jpeg,"fore n in range ( 3 ,20,2 ) ."
image1348.jpeg,"# for in range (10 ) """
image1349.jpeg,# REVISO # W.N.S.DRAW W.S.
image1350.jpeg,"While Nzo , "" We know"
image1351.jpeg,claudio de Gaulo
image1352.jpeg,# RENSTON # LOYDOUS
image1353.jpeg,""" I never temporarily"
image1354.jpeg,public : with numerous own number
image1355.jpeg,"ITIE input ( "" Enter a number : """
image1356.jpeg,# HENERENALD TO THE
image1357.jpeg,ITAGE fromTURANCE
image1358.jpeg,"Print ( "" behindcome "" )"
image1359.jpeg,""" Foreign League ( O ) """
image1360.jpeg,to female members
image1361.jpeg,"S. "" There is a fine weather today """
image1362.jpeg,"Print ( S. Salt ( ' he """
image1363.jpeg,Position : - It is used to decide a story
image1364.jpeg,in the straight to the partition string
image1365.jpeg,( in the position . Strong itself
image1366.jpeg,# EXCOUNT
image1367.jpeg,7 It returns the result as a turtle
image1368.jpeg,""" So "" ablelf to # his calm """
image1369.jpeg,"print (s. position "" to # "" # # # I"" asked I , "" said ,"
image1370.jpeg,"Ss : "" Abrief to me so self run to join"
image1371.jpeg,Arfields : To connect a sentence into little cure .
image1372.jpeg,cult ! in it is used to split a sentence
image1373.jpeg,into a list of words :
image1374.jpeg,# S - Python is a programming language .
image1375.jpeg,"Print (S. SPRETU ) # ( "" Father "" # "" Many-by"
image1376.jpeg,split ( Split day ) '
image1377.jpeg,is inserted between every two elements .
image1378.jpeg,""" S.S. replace ( S. K.O."
image1379.jpeg,I true if a strong begins with a
image1380.jpeg,specified Substriying
image1381.jpeg,"# DNESH "" "" DEDYA "" SRETARY "" )"
image1382.jpeg,"( Point ( S.SOEN ) "" M.DRAW ) ) ."
image1383.jpeg,"( Promf ( "" * join ( 10,20, 30,40 ) ) ) ) ) No.20-30-30-390"
image1384.jpeg,"replace ( String , 8trigs )"
image1385.jpeg,""" If return a string by replacing"
image1386.jpeg,I every conference of # Streigs by String ? .
image1387.jpeg,""" S-Mississippi's"
image1388.jpeg,fore n in names :
image1389.jpeg,longest word .
image1390.jpeg,"# ' GITA""AUTONOMOUS "" ( OLLERE """
image1391.jpeg,"Sainput ( "" Enter a sentence : n )"
image1392.jpeg,"WORDES , split ( )"
image1393.jpeg,fore union words :
image1394.jpeg,# it sentwright .
image1395.jpeg,# Low length
image1396.jpeg,the String containing unique characters
image1397.jpeg,of both the String
image1398.jpeg,# I'll be starts with ( SKLIO
image1399.jpeg,"S1- input ( "" Enter first string "" )"
image1400.jpeg,English ( Substray .
image1401.jpeg,If returns take if a Xtrim is
image1402.jpeg,terminated with the specified
image1403.jpeg,Substructions .000
image1404.jpeg,"preint ( CORBENATION "" . Endsmith ) "" NATION """
image1405.jpeg,WAP to input a sentence and print
image1406.jpeg,the number of characters in the
image1407.jpeg,""" In this cycle the CPU Retrives the instruction from the"
image1408.jpeg,specified by an instructor . In its number
image1409.jpeg,Fitch Operants in the
image1410.jpeg,before the execution cycle . '
image1411.jpeg,where the result :
image1412.jpeg,memory before the instruction is typically stored at the
image1413.jpeg,fodderable which is specified by pc.
image1414.jpeg,The PC is said to ' outdimplimUnited mode which helps
image1415.jpeg,the pc to store the address of the next instruction .
image1416.jpeg,""" In this cycle the CPU interpreches the instructions and what"
image1417.jpeg,operation needs to perform out . It can be arithmetic .
image1418.jpeg,forelogical operation ) UCLA-LORUS
image1419.jpeg,In this cycle the CPU perform the operations that as
image1420.jpeg,'n't in names :
image1421.jpeg,longest word .
image1422.jpeg,""" ExE GITA "" AURONOUS "" COLLEHE """
image1423.jpeg,""" Sir input ( "" Enter a sentence : """
image1424.jpeg,""" Words # ' Beliff ( ) """
image1425.jpeg,UNO # WEREALD O.S.
image1426.jpeg,#VIEW
image1427.jpeg,fore who words :
image1428.jpeg,# of century lends :
image1429.jpeg,# New length
image1430.jpeg,"Print "" longest word : "" he , "" being "" lending"
image1431.jpeg,Girl or starfish ( SRLIO
image1432.jpeg,WAP to input two Strings and Print
image1433.jpeg,the String containing unique characters
image1434.jpeg,"S1- input ( "" Enter first string "" )"
image1435.jpeg,Endsworth ( Substran (
image1436.jpeg,It returns take if a string is
image1437.jpeg,terminated with the specified
image1438.jpeg,Substracy .
image1439.jpeg,"preint ( COMMUNATION "" endsworth "" NAISON "" #"
image1440.jpeg,WAP to input a sentence and print
image1441.jpeg,the number of characters in the
image1442.jpeg,Alphabetical orders of a String .
image1443.jpeg,1961-000 to-tempered .
image1444.jpeg,"#S : INPUT ( "" Entoea , String in upper care : "" )"
image1445.jpeg,WAP to input full name of a person and
image1446.jpeg,display the initial as follow in
image1447.jpeg,IRPUT VENEATESH VIVER SANMAR LAAMAN
image1448.jpeg,outout in VVSLA XMANFERE
image1449.jpeg,Name .Ports - full-name . Split ( )
image1450.jpeg,""" if Len ( name . parts ) # 2 :"
image1451.jpeg,first-initial : name-Panks TO )
image1452.jpeg,must be an integer
image1453.jpeg,"ARE (2,4,6,07"
image1454.jpeg,Index ( element ( - If rectures index of
image1455.jpeg,"# BRIET (H.3,3,5.7.9.10 )"
image1456.jpeg,"# I.E. S.2,F.10. 4.2.4.Tremeters"
image1457.jpeg,I.L. Sort ( reverse-true ) # # depending .
image1458.jpeg,"( Pristol ) H. 10,9,5.4.2 ,3, ) ""000 London ("
image1459.jpeg,"I.E. I""MANAS "" , "" BASISTH "" "" Ramakant , "" Barma """
image1460.jpeg,""" I.SORAT ( ) "" BARSHA "" BARSTH "" "" MANAS "" RPM )"
image1461.jpeg,""" Sum ( List ) - It return the sum of element ."
image1462.jpeg,""" Macmillitt - It returns the highest elementary"
image1463.jpeg,1st Occurrence # Con element in a list .
image1464.jpeg,Print ( Linden ( 7 ) #2
image1465.jpeg,reevernel in If is used to reverse
image1466.jpeg,"a b.3,9,7,6,8 )"
image1467.jpeg,L'Severue ) )
image1468.jpeg,the elements in a list #
image1469.jpeg,in ascending order .
image1470.jpeg,public static acid main ( bring angle ( X
image1471.jpeg,public 1tuhic void main ( Striagarge )
image1472.jpeg,system-out . brintin ( namely
image1473.jpeg,Print Name ( ?
image1474.jpeg,I public static need pointName ( I
image1475.jpeg,"Eastern-out-brinth ( "" Aditya Shamd ) ."
image1476.jpeg,Output . Aditya Sharma
image1477.jpeg,WAR to bring your name using
image1478.jpeg,instance variable .
image1479.jpeg,clear Moun ( #
image1480.jpeg,"Static String name : "" Aditya Show """
image1481.jpeg,IT Revenue number #
image1482.jpeg,# I'll determine the number .
image1483.jpeg,# That . MEP to cite a
image1484.jpeg,""" S E.S.S. AND FRIDORO."
image1485.jpeg,play Main I am
image1486.jpeg,""" Main m - new Main ( ) ;"
image1487.jpeg,Int result : m. sum ) &
image1488.jpeg,"but a # 10 , b=20 )000"
image1489.jpeg,public static void main ( bring augs ) ) .
image1490.jpeg,# Mau's me new Main ( ;
image1491.jpeg,"I"" Method to add two numbers"
image1492.jpeg,dar Main ;
image1493.jpeg,publicent sum ( )
image1494.jpeg,"' int as 10 ,b-20 ;"
image1495.jpeg,""" Features at b :"
image1496.jpeg,"System - out-print in ( "" sum - "" a secret ) ;"
image1497.jpeg,"6 in #5 , # # No."
image1498.jpeg,forlint :2gik-night ) .
image1499.jpeg,factorial of a number
image1500.jpeg,bum of despite
image1501.jpeg,' Revenue ' nutabex
image1502.jpeg,Palindrome #
image1503.jpeg,Fibonance issues in
image1504.jpeg,1/ Factorial of a number #
image1505.jpeg,Clare Main ?
image1506.jpeg,public static void main ( String augs ID )
image1507.jpeg,11 from the draw
image1508.jpeg,bint me (235 int ( Every
image1509.jpeg,"forlint i - i.e0,FY.0 ) )"
image1510.jpeg,int Mr. 1970s .
image1511.jpeg,II Revenue number and palindrome .
image1512.jpeg,forfut in # il-0- i # if not
image1513.jpeg,# SITE K.D.E.M.D.
image1514.jpeg,"system out from #n ( "" The number's"
image1515.jpeg,"# "" behind some "" in"
image1516.jpeg,"# # not palindrome "" ,"
image1517.jpeg,"ITFibomanca , IUNES "" Mr. H."
image1518.jpeg,I Clay Maunf
image1519.jpeg,"DICTANTED , NZEH.SILMANMAN"
image1520.jpeg,industrysters . Outpoint of Virginia ) #
image1521.jpeg,for ( but it ; it is the subject of
image1522.jpeg,"rut. n. 5' n. 4.25. """
image1523.jpeg,InterDT handling #
image1524.jpeg,It occurs during any cycle of the instruction cycle .
image1525.jpeg,An intercept is a Signal that CPU receives from an
image1526.jpeg,fexternal device only software that requires immediate
image1527.jpeg,attention # when an intercept occurs like gunment
image1528.jpeg,instruction and executes an intercept handless to fix .
image1529.jpeg,The UNTONDY :
image1530.jpeg,I-cotton between two or more
image1531.jpeg,"# Office , Bluetooth , and"
image1532.jpeg,devices-been network .
image1533.jpeg,These programs allow machine to
image1534.jpeg,"rend data , enhance surquies or"
image1535.jpeg,work together prematurely
image1536.jpeg,What a network !
image1537.jpeg,"communicative "" and share data ("
image1538.jpeg,ILLOULESS #
image1539.jpeg,"Example : - Internet , legal network"
image1540.jpeg,In advance Java networking .
image1541.jpeg,# network #
image1542.jpeg,What is the programming in
image1543.jpeg,Sana ? What the Uthe advantages
image1544.jpeg,"Advantages . "" wishes"
image1545.jpeg,Shawing employees #
image1546.jpeg,It supports two protocols .
image1547.jpeg,"Sharming enough - It mean ,"
image1548.jpeg,# of multiple conduct #
image1549.jpeg,on a network can allow and
image1550.jpeg,the the same throwless
image1551.jpeg,reference to confirmation between
image1552.jpeg,"internet , application , etc."
image1553.jpeg,dibut and yellow
image1554.jpeg,It is concept of connecting two or
image1555.jpeg,"more , computing devices stop other"
image1556.jpeg,so that we can share Gesowes
image1557.jpeg,"Tara rocket programming , describes"
image1558.jpeg,facility to shake data ! between
image1559.jpeg,"two computers , as even"
image1560.jpeg,In advance Java networking .
image1561.jpeg,Mavantuagir's mother
image1562.jpeg,Shaling everything turns to
image1563.jpeg,It supports two protocols .
image1564.jpeg,Shaling recovery - It means
image1565.jpeg,women . . ( formerly : consultable conducts .
image1566.jpeg,own a network can allow and .
image1567.jpeg,me the same Measures .
image1568.jpeg,"example "" can share files ."
image1569.jpeg,"# Drinter , "" dateubarl ,"
image1570.jpeg,"internet ( application , etc."
image1571.jpeg,preference to communication between
image1572.jpeg,dient and pelvic
image1573.jpeg,so that we can share Gusouves
image1574.jpeg,Tara socket programming describes
image1575.jpeg,facility to shake data ! between
image1576.jpeg,two temperatures in its
image1577.jpeg,What is the programming in
image1578.jpeg,fana ? What she the advantage
image1579.jpeg,What is MAC address ? And write
image1580.jpeg,or cur-fe adapter .
image1581.jpeg,It is used to communication .
image1582.jpeg,within a local network .
image1583.jpeg,Format of MAC address
image1584.jpeg,"A Handaud MAC address is , 48 bit"
image1585.jpeg,"long usually shown in 6 forces , I ."
image1586.jpeg,hebradecimful digits supported by ;
image1587.jpeg,Example : 00-0D.83 : BC.00 :8E.
image1588.jpeg,The consist of 6 octate .
image1589.jpeg,"the format of MAC address ,"
image1590.jpeg,Mae address hospital . The address is
image1591.jpeg,to undue identifier of NIC ( network
image1592.jpeg,int welfare caused # controlled (
image1593.jpeg,A network node can have multiple
image1594.jpeg,""" Nice , but each with unique MAC"
image1595.jpeg,address
image1596.jpeg,The NIC like as Ethernet (
image1597.jpeg,"In connection affiliated , Metocal"
image1598.jpeg,can the Government .
image1599.jpeg,# A socket- allows java frequent
image1600.jpeg,example . VII
image1601.jpeg,Wackett - NEW
image1602.jpeg,""" A rocket is like , a telephones line"
image1603.jpeg,between two fenogramly .
image1604.jpeg,# It enables netrudeek to mmuni-
image1605.jpeg,# A rocket is an end point .
image1606.jpeg,between two day communi-
image1607.jpeg,""" Doing the java program . We"
image1608.jpeg,The application need to locate
image1609.jpeg,called distributed application .
image1610.jpeg,What are the seed internment
image1611.jpeg,and how to understand a
image1612.jpeg,distributed affiliation system .
image1613.jpeg,minute the steps to write an
image1614.jpeg,RAD MORGY AND
image1615.jpeg,step to write RMI program's
image1616.jpeg,because the tremote interface .
image1617.jpeg,the climate method #
image1618.jpeg,Provide the implementation of
image1619.jpeg,1 . Compile the implementation day
image1620.jpeg,and create the club and
image1621.jpeg,IRRIRETON NIGHT SING-ING
image1622.jpeg,I . It seemed to provide the
image1623.jpeg,"communication "" with the"
image1624.jpeg,"Remote objects , """
image1625.jpeg,2 . The application need to load
image1626.jpeg,the class definition for the
image1627.jpeg,3 . The RMI application have
image1628.jpeg,are three features to it is
image1629.jpeg,about the same registry were
image1630.jpeg,AN RMP application you write
image1631.jpeg,d amplification (
image1632.jpeg,to A Better Program
image1633.jpeg,to Adient Neugram
image1634.jpeg,Inside the server program ?
image1635.jpeg,"remote sheet is unlawful and ,"
image1636.jpeg,the client program refused with
image1637.jpeg,remote object . It method
image1638.jpeg,"affiliation . """
image1639.jpeg,"by the time's eligibility ( travel . """
image1640.jpeg,# STAAN INVIGICTING
image1641.jpeg,template and about the remote
image1642.jpeg,application #
image1643.jpeg,Create and start the client
image1644.jpeg,American States
image1645.jpeg,Architecture of RMI application
image1646.jpeg,Goals of RMI
image1647.jpeg,"Skeleton executives call , and bases"
image1648.jpeg,to the actual objects .
image1649.jpeg,Return went you back to the
image1650.jpeg,same code #
image1651.jpeg,Behind U. This is a static
image1652.jpeg,greatwood of the
image1653.jpeg,"jara-omi damping class , it"
image1654.jpeg,Tregressive travel life remote
image1655.jpeg,of the application .
image1656.jpeg,Minimize the difference between
image1657.jpeg,working with local and remote
image1658.jpeg,RMI Communication How
image1659.jpeg,llients calls method on streb .
image1660.jpeg,Stub forward call to remote
image1661.jpeg,TVMuing RMP protocol .
image1662.jpeg,or any database language .
image1663.jpeg,2MPLE statement
image1664.jpeg,BON Report set #
image1665.jpeg,Y. Watabare metadata
image1666.jpeg,5 . Prepared statement
image1667.jpeg,6 . Database statement
image1668.jpeg,7 Database : driver
image1669.jpeg,B. Weaver Manager
image1670.jpeg,Models of Database
image1671.jpeg,There are two models :
image1672.jpeg,None of JDBC
image1673.jpeg,"IDBO provides such , object ."
image1674.jpeg,oriented access to database .
image1675.jpeg,by defining clauses and interval
image1676.jpeg,that different men or
image1677.jpeg,follow # to indicate history .
image1678.jpeg,I. Database Connection .
image1679.jpeg,I. Housing date #
image1680.jpeg,uneally TDBC consist of 2 layer ;
image1681.jpeg,IDBC Denver API #
image1682.jpeg,JDBC APTON WINNUS
image1683.jpeg,IDBC Weaver APT.
image1684.jpeg,If supports TDBC manager to
image1685.jpeg,driver connection . U.
image1686.jpeg,THE DDTICAL
image1687.jpeg,WODCHYL
image1688.jpeg,I. Retriering data #
image1689.jpeg,It provides the application to
image1690.jpeg,INDU Manager conductor .
image1691.jpeg,13 . Updating data
image1692.jpeg,by . Delifying # data #
image1693.jpeg,TDBC Architecture
image1694.jpeg,THE JDBC API supports both
image1695.jpeg,two and # themselves pursuing
image1696.jpeg,"models for database acres , but it ("
image1697.jpeg,It is a group of lines that acts as an connecting codes .
image1698.jpeg,This bus allows to travel back from the CPU to the
image1699.jpeg,memory and Vice-Vensea .
image1700.jpeg,for several devices are all the functional unfit .
image1701.jpeg,the bus can be only used from two teenagers but a time in a
image1702.jpeg,only two units ( all actively used the bud at a given
image1703.jpeg,East North
image1704.jpeg,The single bus is last effective ( low cost land it is
image1705.jpeg,"Very "" flexible for obtaining the peripherial devices ."
image1706.jpeg,"Bush structure "" one basically B typely"
image1707.jpeg,the bus from
image1708.jpeg,Driver Manager - It was
image1709.jpeg,sub functional .
image1710.jpeg,Summer #
image1711.jpeg,SAL Exception #
image1712.jpeg,Silver Manager Alan
image1713.jpeg,This class manager a list of data-
image1714.jpeg,-base drivers . U.
image1715.jpeg,# Matches connections requests from the
image1716.jpeg,"Sara application , with the fewoper"
image1717.jpeg,Idaware deliver using communication
image1718.jpeg,with the database server .
image1719.jpeg,communications between the database
image1720.jpeg,and other Java API .
image1721.jpeg,statement #
image1722.jpeg,Some desire interface accept pay units
image1723.jpeg,in addition to the executing stored
image1724.jpeg,Supcedure .000
image1725.jpeg,Result let #
image1726.jpeg,was more than
image1727.jpeg,to date base after a mer executor .
image1728.jpeg,The new interests # directly
image1729.jpeg,an yoga My SPL funny thing
image1730.jpeg,with the driver objects very truly .
image1731.jpeg,""" It associated with working with"
image1732.jpeg,driver objects .
image1733.jpeg,Connection #
image1734.jpeg,7This interface with all methods .
image1735.jpeg,"for considering a chatable ,"
image1736.jpeg,7 The connection object frequent
image1737.jpeg,from the gun't set .
image1738.jpeg,THE D. Sara Napire Code Receiver
image1739.jpeg,THE IT-Network Protocol dinner .
image1740.jpeg,Type IV # Database protocol drives
image1741.jpeg,IDBC-ODBC Bridge driver .
image1742.jpeg,www man under error .
image1743.jpeg,-ODBC clever in a type ?
image1744.jpeg,desirer inflated on evenly client
image1745.jpeg,machine . U.
image1746.jpeg,# It can be available by the
image1747.jpeg,IDBC bridge which supports
image1748.jpeg,I'm call the environment .
image1749.jpeg,0080 accountability but at fluent
image1750.jpeg,# TDBC Weaver
image1751.jpeg,It is used for intuating with .
image1752.jpeg,"the database "" seurer which smile-"
image1753.jpeg,-ment the stated interface in the
image1754.jpeg,There are four drivers :
image1755.jpeg,TUNE ! - IDBO-ODBC Bridge driver
image1756.jpeg,appressed baby for experimental
image1757.jpeg,THE ODRO-duiver require
image1758.jpeg,installation on the client
image1759.jpeg,machine #
image1760.jpeg,Tube # I. Deliveries ( Native API driver
image1761.jpeg,This driver is unique to the
image1762.jpeg,"date bare , because , there API calls"
image1763.jpeg,are converted into native calls .
image1764.jpeg,They are provided by the
image1765.jpeg,date flare window and wed in a
image1766.jpeg,Advantagy !
image1767.jpeg,similar manner as the TDBC-
image1768.jpeg,""" PDBOW bridge #"
image1769.jpeg,Easy to use
image1770.jpeg,It can be easily connected to
image1771.jpeg,any database . J.
image1772.jpeg,Disadvantages : Mr.
image1773.jpeg,Performance degraded because IDBC
image1774.jpeg,called convert into DDBC method .
image1775.jpeg,# Middlesiane Vrieve )
image1776.jpeg,# It communicate with the middleware
image1777.jpeg,application surer through a standard
image1778.jpeg,ntewoouk socket . U.
image1779.jpeg,This driver known as middleware .
image1780.jpeg,""" It has a three tier approach"
image1781.jpeg,"to assess date base . """
image1782.jpeg,# communicate driven are extremely
image1783.jpeg,"flexible , since no code is installed ."
image1784.jpeg,""" on the client side , Even a single"
image1785.jpeg,driver can provide access to multiple
image1786.jpeg,database . '
image1787.jpeg,VIDEO call-Middlesome slavery
image1788.jpeg,"load balancing and logging , etc. I"
image1789.jpeg,disadvantaged .
image1790.jpeg,Network reports is necessary
image1791.jpeg,in the client machine . I
image1792.jpeg,""" It requires database specific"
image1793.jpeg,coding the middleware !
image1794.jpeg,whmium www Protocol ( nire )
image1795.jpeg,""" It is also known as fewer ."
image1796.jpeg,"flava deliver , """
image1797.jpeg," ? "" This driver communicate"
image1798.jpeg,Database #
image1799.jpeg,directly with the vendors .
image1800.jpeg,database through socket infos-
image1801.jpeg,-nation . D C.
image1802.jpeg,Middlesian concrete frequent into
image1803.jpeg,database protocol
image1804.jpeg,Hovantaalls
image1805.jpeg,""" No client side library needs"
image1806.jpeg,to application super than can
image1807.jpeg,"fiveform many talks like auditing ,"
image1808.jpeg,""" When executing a SELECT Queen ,"
image1809.jpeg,ResultSet . TYPE - SCHOOL - INSENSITIVE
image1810.jpeg,Gillable and reflect change
image1811.jpeg,REUNTSET-CONCUR-READ - ONLY
image1812.jpeg,""" "" cannot update only read only ."
image1813.jpeg,about #
image1814.jpeg,Resultset . CONCUR-UPDATE
image1815.jpeg,My allow update with result set
image1816.jpeg,Result . Let Types -
image1817.jpeg,TYPE .SEOLVINSENSTIVE
image1818.jpeg,it also returned a sumetset .
image1819.jpeg,to consolidate but day
image1820.jpeg,Tostess # UNVATIONAL
image1821.jpeg,# Smith SPL'd Jeremy . V.
image1822.jpeg,step # better values for parameter .
image1823.jpeg,# Tiffany ) using # Yet .Int ( )
image1824.jpeg,Step 3 : Executy query with execut-
image1825.jpeg,# Security ( You can
image1826.jpeg,Stadium : Pewcers then result set .
image1827.jpeg,""" Resultlet #"
image1828.jpeg,Lieuchettret #
image1829.jpeg,CONOUR READ ONLY WINYOUR
image1830.jpeg,CONCUR- UPDATE I allow to update .
image1831.jpeg,Executing Stoned Procedure
image1832.jpeg,A stopped herceduation is a firecom
image1833.jpeg,-piled block of self code observed
image1834.jpeg,in the databases . ' #
image1835.jpeg,# It can contain muslittle SIRL
image1836.jpeg,"( SELECT , INSERT , UPDATE , Delete )"
image1837.jpeg,"7 It's faster execution , versatility"
image1838.jpeg,"strewett security , and reduce"
image1839.jpeg,"Normally , reunutinet is forward ."
image1840.jpeg,only that mean you can only
image1841.jpeg,I more from top to bottom away
image1842.jpeg,THE MONDO
image1843.jpeg,But if we want to more both fans
image1844.jpeg,"many lead backward , or jump to"
image1845.jpeg,"specific row , we met schelatable ."
image1846.jpeg,Eastwork traffic #
image1847.jpeg,# all connection .
image1848.jpeg,"Step 3 : Prepan , Callable statement"
image1849.jpeg,using pressure call ( )
image1850.jpeg,# Sub-41 : Set input : parameter ( if
image1851.jpeg,Step 5's Register . Output parameter .
image1852.jpeg,"Map # Executive the ""callable"
image1853.jpeg,"Tobe hemides the , available state ;"
image1854.jpeg,-ment interface # to # call stores .
image1855.jpeg,bureauedence from Java .
image1856.jpeg,# It is a new interface of prepared
image1857.jpeg,italement SINNING
image1858.jpeg,step # Create the stored procedure
image1859.jpeg,# in the database !
image1860.jpeg,Step # Register TDBC driver and
image1861.jpeg,Callable statement # for everything
image1862.jpeg,"there Commander UN , OUT act"
image1863.jpeg,IN-sends data from jorva to DB.
image1864.jpeg,OUT-return value from the
image1865.jpeg,# date bare
image1866.jpeg,INOUT - Both Ways :
image1867.jpeg,# stored free of
image1868.jpeg,in the database
image1869.jpeg,statement and prepared statements
image1870.jpeg,statement must be used .
image1871.jpeg,"business logic - July , calculation"
image1872.jpeg,that define how application is
image1873.jpeg,In their case myself supports
image1874.jpeg,Adamals bus #
image1875.jpeg,"the memory , VV."
image1876.jpeg,( O.HELD INIT #
image1877.jpeg,flowing smoothly or proof !
image1878.jpeg,Expansion due :
image1879.jpeg,If the Computer has expansion slot then the expansion
image1880.jpeg,DON W. WED #
image1881.jpeg,IRTL ( Register transfer language (
image1882.jpeg,Superway from
image1883.jpeg,Web Education Programming .
image1884.jpeg,Backened Programming : ( Xerves-id-
image1885.jpeg,Language Technology
image1886.jpeg,back through the web survey .
image1887.jpeg,the browser display the ru was
image1888.jpeg,to the war .
image1889.jpeg,IND installation required on device .
image1890.jpeg,Aeemble answer drew
image1891.jpeg,play to update and maintain .
image1892.jpeg,acad effective deployment .
image1893.jpeg,slumbourstand-based recalling .
image1894.jpeg,Features of HTMLS #
image1895.jpeg,"shape , and colour migs in jarascript"
image1896.jpeg,Navigation - The set of resignation
image1897.jpeg,"link , It is used for the start"
image1898.jpeg,of an intunct like that links
image1899.jpeg,different pages .
image1900.jpeg,"Place , holder , distribute - The finger ,"
image1901.jpeg,holder attributes offer a brief door .
image1902.jpeg,-flions of an inlbut area .
image1903.jpeg,E-mail attributes : When the formy
image1904.jpeg,# input type 4
image1905.jpeg,1st to email's the browser .
image1906.jpeg,"Muhmedia support - audio , video ."
image1907.jpeg,new farm control
image1908.jpeg,# WLD Storage #
image1909.jpeg,semantic elements # very large lots .
image1910.jpeg,# Leader ) and Footers )
image1911.jpeg,Improved performance .
image1912.jpeg,vector graphics timing variety of
image1913.jpeg,DNS Lookup : - Young brownour cuts
image1914.jpeg,dubrey the page ( like text-ing .
image1915.jpeg,"and hides . """
image1916.jpeg,Speever Response ? - The server foods
image1917.jpeg,# your request .
image1918.jpeg,and sends back out HTTP airspace .
image1919.jpeg,This response contains the results
image1920.jpeg,"menounce ( like HTML , as , Javaicult ."
image1921.jpeg,the webpage or your own speech .
image1922.jpeg,#ONG server to find-
image1923.jpeg,old the pp address associated him .
image1924.jpeg,wind HTTP Request : - Once the bows
image1925.jpeg,to control . Now the website
image1926.jpeg,IP address it sends an http report
image1927.jpeg,to the server .
image1928.jpeg,""" The request , ask the seller"
image1929.jpeg,for the unounce needed to
image1930.jpeg,treatment
image1931.jpeg,Seewee's Because it was Sara Corgery
image1932.jpeg,and jars is a lecturer .
image1933.jpeg,"Language , It's have automatic ,"
image1934.jpeg,fumblers'
image1935.jpeg,Inexfensive : They are number
image1936.jpeg,# of these web servers
image1937.jpeg,gailable for freedomal we or
image1938.jpeg,For commercial purpose .
image1939.jpeg,extenability : The Secret API
image1940.jpeg,# I designed in such as
image1941.jpeg,Butter Performance : Because it operates
image1942.jpeg,a way that I can be easily
image1943.jpeg,"# "" a thread try"
image1944.jpeg,each request not frozen ( like COVID .
image1945.jpeg,"Poetability : Because it , New jars ."
image1946.jpeg,# I language and forward
image1947.jpeg,about language #
image1948.jpeg,"about memory leak , garbage ("
image1949.jpeg,"collection , ION U."
image1950.jpeg,What is well server ?
image1951.jpeg,1961 . Maxwell
image1952.jpeg,Apache Tomcat ( Soviet container )
image1953.jpeg,Function of Web Server :
image1954.jpeg,Accents HTTP requests from clients
image1955.jpeg,( Pete Chewones Edgers etc ) .
image1956.jpeg,Procens request for Italic content
image1957.jpeg,"such as HTML , CBS , JS and images ."
image1958.jpeg,For dynamic contempt downwards .
image1959.jpeg,the Conquest to Web Container .
image1960.jpeg,lends back the HTTP someone to
image1961.jpeg,It web letter is a software that
image1962.jpeg,the Client .
image1963.jpeg,"Who Confounded ,"
image1964.jpeg,A web container ( also known as
image1965.jpeg,Soviet Container ) is a power of
image1966.jpeg,Reeciever client results ( usually
image1967.jpeg,HTTP ) forms web batsnueux and rents
image1968.jpeg,"repares , usually in the form of"
image1969.jpeg,"HTML page , infages , or other return ."
image1970.jpeg,Three of folk-euvex
image1971.jpeg,Apachel HTR Leaver
image1972.jpeg,Microsoft ITS ( Inlvent Information
image1973.jpeg,Apache Tomest
image1974.jpeg,Rocket APIS #
image1975.jpeg,Platform-independent ( leums on
image1976.jpeg,How Comeat Workers
image1977.jpeg,pann it to the Soviet Container .
image1978.jpeg,The container leads the heurlds
image1979.jpeg,executes it said generate a response .
image1980.jpeg,Apache Tomeat is an offshore
image1981.jpeg,web server and request container .
image1982.jpeg,"Takarta leuvlet , Takputa ISP , and"
image1983.jpeg,Takaula Eifunion Language (EN
image1984.jpeg,specifications in
image1985.jpeg,Features of Apache longest
image1986.jpeg,""" lightweight and tour ,"
image1987.jpeg,play to confusion and deploy .
image1988.jpeg,f a web server that manager - we
image1989.jpeg,""" I Bow ( Would Fly #"
image1990.jpeg,What are the Responsibilities
image1991.jpeg,of Market Containers
image1992.jpeg,loads and initialize reevlets .
image1993.jpeg,WHEN requested #
image1994.jpeg,"Managu leuvled life cycle - creation ,"
image1995.jpeg,"intidization , survived , and destruction ."
image1996.jpeg,Handles client rodents and embome .
image1997.jpeg,Manager multithreading for
image1998.jpeg,handling muffle client rebut-
image1999.jpeg,high cycle of securities and executures
image2000.jpeg,Providing security (authorisation .
image2001.jpeg,and authorization (
image2002.jpeg,Sara Leuvlets .
image2003.jpeg,It describe the Mun time .
image2004.jpeg,environment for security to run .
image2005.jpeg,Werrlet Containews #
image2006.jpeg,""" Apache ' Tomcat"
image2007.jpeg,fent back to the client
image2008.jpeg,""" package . It provides the basic"
image2009.jpeg,""" Hinter-ther and clover needed to"
image2010.jpeg,40 create Sunday such out #
image2011.jpeg,""" Leunder Kedner"
image2012.jpeg,""" Scarlet Reipang"
image2013.jpeg,a SURLETUCUTATION #
image2014.jpeg,import # Jakarta-Seinstitution .
image2015.jpeg,""" Imbotte annotations support for '"
image2016.jpeg,surve equally : # Wissenitz -
image2017.jpeg,wed to map to fill parts .
image2018.jpeg,"Bower ,"
image2019.jpeg,( like ( Hello ) to their result can
image2020.jpeg,This allows you to avoid confi-
image2021.jpeg,giving secret mappings named
image2022.jpeg,in # Oklahoma .
image2023.jpeg,import available #
image2024.jpeg,""" Imports the para I/ package"
image2025.jpeg,11 which contains close for
image2026.jpeg,# input and output operations .
image2027.jpeg,""" I'll Have we it to get the Point Writer"
image2028.jpeg,important fakanta Market #
image2029.jpeg,""" In Imports the Takarta Securlet , APL"
image2030.jpeg,"import jakanda ,'s eight help . It's"
image2031.jpeg,It tells the jewel container .
image2032.jpeg,this equivalent #
image2033.jpeg,public clan Hello Market extends .
image2034.jpeg,# httpserver !
image2035.jpeg,Amborts HMP specific result :
image2036.jpeg,"clearly , such as"
image2037.jpeg,"Hitsennett ,"
image2038.jpeg,# HOUSE
image2039.jpeg,Hot Leuble Kupore
image2040.jpeg,Time area used when your permit
image2041.jpeg,"a nobleendet ( "" Hello ! ) "" If this is an"
image2042.jpeg,Translation bowed reaffering .
image2043.jpeg,"client enquents , and in finally"
image2044.jpeg,Initialization ( with ( method ) .
image2045.jpeg,After the Soviet instance is
image2046.jpeg,"cultated , the container calls the"
image2047.jpeg,""" with method only once . I live"
image2048.jpeg,"method "" wed tol Intelligence ."
image2049.jpeg,"resources like database contributions ,"
image2050.jpeg,Request Handling ( service ( method )
image2051.jpeg,Each time of client under a report
image2052.jpeg,"the container "" calls the reurin ( ) ."
image2053.jpeg,method . This method is handles the
image2054.jpeg,"destroyed by the web , kontailker . The"
image2055.jpeg,Phases of Secret life Cycle :
image2056.jpeg,Loading and Installation or
image2057.jpeg,Cinematory #
image2058.jpeg,"by when the results is first , regard"
image2059.jpeg,"the Soviet container blonde """
image2060.jpeg,the result of an into emergency
image2061.jpeg,and creates an instance of HIV .
image2062.jpeg,IRIL ( Register transfer language (
image2063.jpeg,LYNICTER OPERATION :
image2064.jpeg,Law Register transfer (
image2065.jpeg,An Symbolic Notation the IRTL is used to describe Micro
image2066.jpeg,1 Operations which are transfer among the Watation register .
image2067.jpeg,It is a type of intermediate representation that is
image2068.jpeg,"Very close to "" assembly language ."
image2069.jpeg,ITV can perform Milna ( Operation and transfer the
image2070.jpeg,I result of the same . ' Operation to the same or Mother .
image2071.jpeg,THE Cam-perform many Operation based on #
image2072.jpeg,on the highest type .
image2073.jpeg,beurlet instance is created .
image2074.jpeg,init ( method is called .
image2075.jpeg,"service ) , method is called for"
image2076.jpeg,luch request :
image2077.jpeg,destroyly method is caused before
image2078.jpeg,unlobading .
image2079.jpeg,Example #
image2080.jpeg,Dutruction ( duty ( method ) .
image2081.jpeg,""" When the 1curlate "" no longer"
image2082.jpeg,"needed , the container call the"
image2083.jpeg,destroy ( method . This method is
image2084.jpeg,need to welcome enzymes such
image2085.jpeg,a database connections or memory .
image2086.jpeg,allocation #
image2087.jpeg,the request initiame a removed
image2088.jpeg,materialized ( but method called ) .
image2089.jpeg,A Uvesenide FRANK
image2090.jpeg,public need service ( Market Report .
image2091.jpeg,"out . femin ( "" Special method handling"
image2092.jpeg,"I method called """
image2093.jpeg,a Uveweide #
image2094.jpeg,public void destroy Of
image2095.jpeg,"Priadwinley but # everyone , sedweter ) ."
image2096.jpeg,"Celleching client submitted data ,"
image2097.jpeg,speurlets collect data from HTML
image2098.jpeg,formering frequent methods such
image2099.jpeg,Ia getlandment ! When a merey
image2100.jpeg,rubmity from the dala yreut
image2101.jpeg,"to the Market , which floccer ."
image2102.jpeg,# Paint Writer # Out-made
image2103.jpeg,Spring name - request . get Pauvamstruments .
image2104.jpeg,A M Westham .
image2105.jpeg,"Spring email - request , getParliamentor ."
image2106.jpeg,out printed in Kentucky .
image2107.jpeg,"# O-C ""ETHIL "" )"
image2108.jpeg,"Geneaning M.M.s , Slightly , """
image2109.jpeg,"out-femin ( "" x body ? "" ) #"
image2110.jpeg,"out-minute ( his Hellal this year ,"
image2111.jpeg,# IONS output from a letter .
image2112.jpeg,"out .Printin ( "" (body ) "" ) ;"
image2113.jpeg,"' Out . ' Jumbles ( ' K. Nkhus "" ) ,"
image2114.jpeg,Introduction # to ISP
image2115.jpeg,explicit scientist coding ) .
image2116.jpeg,Web container before execution .
image2117.jpeg,key Festival of ISP #
image2118.jpeg,is simplifies the creation of dynamic
image2119.jpeg,""" Similarly embedding . Java code ."
image2120.jpeg,Flag libraries and custom stage
image2121.jpeg,isifforides built-in object for
image2122.jpeg,early input handling and
image2123.jpeg,5 . The response ( HTML output ) is
image2124.jpeg,"ISP , Like a SERVICE . The ISP engine"
image2125.jpeg,ir typically heart of a web session .
image2126.jpeg,likell' Apache Tom call or Betty .
image2127.jpeg,source code .
image2128.jpeg,is compiling the result into byte-
image2129.jpeg,4Manager execution and memory
image2130.jpeg,Lallocation on
image2131.jpeg,to Handler page in italization .
image2132.jpeg,and destination unto markedly
image2133.jpeg,US Manager the built-in object !
image2134.jpeg,sent back to the client browser .
image2135.jpeg,and lifestyle methods .
image2136.jpeg,"This hockey opener , automatically"
image2137.jpeg,"Evenly the first request , and"
image2138.jpeg,Manufacturer of its Penguin
image2139.jpeg,The ISP engine ( and better as
image2140.jpeg,""" ISP ( October ) is responsible for"
image2141.jpeg,managing the life cycle of TSP page .
image2142.jpeg,"# Anlaw , com July , and better"
image2143.jpeg,fulacelled from its creation to
image2144.jpeg,Compilation share #
image2145.jpeg,The generated tender ( Java film ) is
image2146.jpeg,confiled into a clear filled highway .
image2147.jpeg,"There are syntax or "" complelanes ."
image2148.jpeg,When they are depoted at this
image2149.jpeg,Installation Phoge
image2150.jpeg,The web container recall the
image2151.jpeg,""" I split ! method once when the"
image2152.jpeg,itself is fast to added into memory .
image2153.jpeg,This method is used to uniformly
image2154.jpeg,Its disturbed by the melb .
image2155.jpeg,Long-time investigation trades .
image2156.jpeg,such a sitting up database connection
image2157.jpeg,for loading configuration data .
image2158.jpeg,""" In this share , the FP files up"
image2159.jpeg,franulated into a Tang leurcled .
image2160.jpeg,by the TSP engine . The web costs
image2161.jpeg,ther concrete # substantiation into
image2162.jpeg,"Soviet code ( "" Three Clan extending"
image2163.jpeg,# After display .
image2164.jpeg,Request Processing Panel
image2165.jpeg,"give database connection , or freedom"
image2166.jpeg,cleanup talks .
image2167.jpeg,TSP Life Cycle Flow
image2168.jpeg,ISP File ( - jsp ) - Transilaend to bewalt
image2169.jpeg,fauna is compiled to be defended .
image2170.jpeg,"reoccupied ( , sadtechnic ) - "" Destroyed by"
image2171.jpeg,- Our own
image2172.jpeg,Method . Purpass
image2173.jpeg,I SPIND # Executed one-
image2174.jpeg,ITRI # for initial-gram .
image2175.jpeg,A melquer cannot I or inside their
image2176.jpeg,method directly .
image2177.jpeg,Wertruction Phares
image2178.jpeg,When the ISP is no longer needed
image2179.jpeg,or the I ever is 1hutting down the
image2180.jpeg,Isp Wensey I method recalled . This
image2181.jpeg,"I'm method , I'm need to melaeusey ."
image2182.jpeg,the rest of the Government Top type
image2183.jpeg,"U. jeproducer page : "" melativeURI """
image2184.jpeg,itaho inclusion ( dueuing translation .
image2185.jpeg,"time ) , while the Clichon tag 1 ."
image2186.jpeg,dynamic inclusion ( during refident
image2187.jpeg,typipalam # then Union
image2188.jpeg,By not executed #
image2189.jpeg,"Risp"" Including Action Tag"
image2190.jpeg,The Gsp. including tag is used .
image2191.jpeg,to include the contents of another
image2192.jpeg,response at request time . It alone
image2193.jpeg,economic inclusion of film such
image2194.jpeg,"I'm header , foster or in antagonism"
image2195.jpeg,menly #
image2196.jpeg,Wercise about Dalabore Protocol :
image2197.jpeg,Application Development
image2198.jpeg,# # # # # #
image2199.jpeg,wheese components are disturbed
image2200.jpeg,# a reason might be returned
image2201.jpeg,methoded computer but seek together
image2202.jpeg,by a single system .
image2203.jpeg,features of distributed Application .
image2204.jpeg,fauled other resources .
image2205.jpeg,I Scalability : The system can early
image2206.jpeg,I scale honest easy
image2207.jpeg,Driver I describe the methods to
image2208.jpeg,by adding more nodes .
image2209.jpeg,manigate Result set
image2210.jpeg,Explain with an example how fulfilled
image2211.jpeg,is used with Prepared statement .
image2212.jpeg,Wiffeenhate by a executfully method
image2213.jpeg,"and executulate method . "" I"
image2214.jpeg,Dalabal's
image2215.jpeg,Introduction to Wicksuke )
image2216.jpeg,# for ( Let it's it belongs this in
image2217.jpeg,tift # later's fatherth D.
image2218.jpeg,attack supply
image2219.jpeg,Hellstock push ( I'll
image2220.jpeg,attack-poplog
image2221.jpeg,tebel .
image2222.jpeg,attack push ) ;
image2223.jpeg,Nymultaneously transfer #
image2224.jpeg,Generally progress and return in high level Congress
image2225.jpeg,"as its 1/ a convenient way in which "" One can ( I """
image2226.jpeg,define variables along with Operation that a programmer
image2227.jpeg,petform . This programs are later ' Compile to U.
image2228.jpeg,gentimate the actual message Code which includes
image2229.jpeg,Now level instruction . N. W.
image2230.jpeg,sparesing modes : #
image2231.jpeg,It helps as a specify the way in which the Operant
image2232.jpeg,effective address can be represented in any given .
image2233.jpeg,Construction .000
image2234.jpeg,Some addressing modes allows referring to a large range
image2235.jpeg,buddness Halong ( with a list of address . ( U.
image2236.jpeg,An addressing made can be described as an efficient
image2237.jpeg,and fleasittle way to define Complex effectively address .
